-- MySQL dump 10.13  Distrib 5.7.19, for Win64 (x86_64)
--
-- Host: localhost    Database: final
-- ------------------------------------------------------
-- Server version	5.7.19-log

/*!40101 SET @OLD_CHARACTER_SET_CLIENT=@@CHARACTER_SET_CLIENT */;
/*!40101 SET @OLD_CHARACTER_SET_RESULTS=@@CHARACTER_SET_RESULTS */;
/*!40101 SET @OLD_COLLATION_CONNECTION=@@COLLATION_CONNECTION */;
/*!40101 SET NAMES utf8 */;
/*!40103 SET @OLD_TIME_ZONE=@@TIME_ZONE */;
/*!40103 SET TIME_ZONE='+00:00' */;
/*!40014 SET @OLD_UNIQUE_CHECKS=@@UNIQUE_CHECKS, UNIQUE_CHECKS=0 */;
/*!40014 SET @OLD_FOREIGN_KEY_CHECKS=@@FOREIGN_KEY_CHECKS, FOREIGN_KEY_CHECKS=0 */;
/*!40101 SET @OLD_SQL_MODE=@@SQL_MODE, SQL_MODE='NO_AUTO_VALUE_ON_ZERO' */;
/*!40111 SET @OLD_SQL_NOTES=@@SQL_NOTES, SQL_NOTES=0 */;

--
-- Table structure for table `appearance`
--

DROP TABLE IF EXISTS `appearance`;
/*!40101 SET @saved_cs_client     = @@character_set_client */;
/*!40101 SET character_set_client = utf8 */;
CREATE TABLE `appearance` (
  `MatchID` int(11) NOT NULL,
  `PlayerID` int(11) NOT NULL,
  PRIMARY KEY (`MatchID`,`PlayerID`),
  KEY `AppearancePlayerID_FK_idx` (`PlayerID`),
  CONSTRAINT `AppearanceMatchID_FK` FOREIGN KEY (`MatchID`) REFERENCES `matches` (`MatchID`) ON DELETE NO ACTION ON UPDATE NO ACTION,
  CONSTRAINT `AppearancePlayerID_FK` FOREIGN KEY (`PlayerID`) REFERENCES `players` (`PlayerID`) ON DELETE NO ACTION ON UPDATE NO ACTION
) ENGINE=InnoDB DEFAULT CHARSET=utf8;
/*!40101 SET character_set_client = @saved_cs_client */;

--
-- Dumping data for table `appearance`
--

LOCK TABLES `appearance` WRITE;
/*!40000 ALTER TABLE `appearance` DISABLE KEYS */;
INSERT INTO `appearance` VALUES (20,227),(87,227),(131,227),(157,227),(66,228),(68,228),(88,228),(98,228),(147,228),(157,228),(17,229),(20,229),(29,229),(88,229),(126,229),(147,229),(41,230),(49,230),(87,230),(98,230),(147,230),(157,230),(17,231),(41,231),(49,231),(66,231),(68,231),(147,231),(157,231),(17,232),(29,232),(41,232),(66,232),(87,232),(147,232),(157,232),(20,233),(41,233),(87,233),(88,233),(126,233),(147,233),(157,233),(17,234),(20,234),(41,234),(66,234),(88,234),(108,234),(126,234),(20,235),(49,235),(66,235),(68,235),(108,235),(131,235),(157,235),(66,236),(68,236),(88,236),(98,236),(108,236),(20,237),(29,237),(49,237),(88,237),(98,237),(126,237),(131,237),(147,237),(157,237),(87,238),(108,238),(131,238),(157,238),(29,239),(68,239),(108,239),(131,239),(20,240),(29,240),(41,240),(49,240),(98,240),(108,240),(126,240),(147,240),(17,241),(29,241),(41,241),(68,241),(98,241),(108,241),(126,241),(17,242),(20,242),(29,242),(41,242),(49,242),(87,242),(88,242),(126,242),(157,242),(17,254),(20,254),(29,254),(41,254),(49,254),(66,254),(108,254),(126,254),(131,254),(17,255),(20,255),(29,255),(68,255),(87,255),(98,255),(131,255),(147,255),(66,256),(68,256),(87,256),(98,256),(131,256),(17,257),(29,257),(49,257),(66,257),(68,257),(88,257),(98,257),(131,257),(17,258),(41,258),(66,258),(68,258),(87,258),(126,258),(131,258),(66,259),(68,259),(87,259),(88,259),(98,259),(108,259),(126,259),(20,265),(49,265),(87,265),(147,265),(17,266),(29,266),(98,266),(108,266),(126,266),(157,266),(88,267),(108,267),(147,267),(49,268),(41,269),(49,269),(88,269),(131,269),(19,270),(32,270),(67,270),(105,270),(117,270),(132,270),(5,271),(8,271),(72,271),(82,271),(117,271),(126,271),(151,271),(32,272),(47,272),(55,272),(105,272),(117,272),(5,273),(8,273),(19,273),(55,273),(82,273),(105,273),(151,273),(8,274),(19,274),(47,274),(117,274),(126,274),(132,274),(146,274),(32,275),(47,275),(82,275),(96,275),(5,276),(19,276),(55,276),(67,276),(105,276),(117,276),(5,277),(67,277),(82,277),(126,277),(132,277),(151,277),(32,278),(55,278),(105,278),(117,278),(126,278),(132,278),(146,278),(151,278),(5,279),(96,279),(126,279),(146,279),(151,279),(8,280),(19,280),(32,280),(67,280),(72,280),(82,280),(126,280),(146,280),(151,280),(8,281),(47,281),(72,281),(82,281),(5,282),(8,282),(47,282),(72,282),(117,282),(132,282),(146,282),(47,283),(55,283),(96,283),(105,283),(126,283),(132,283),(151,283),(82,284),(126,284),(132,284),(151,284),(32,285),(55,285),(72,285),(82,285),(151,285),(5,286),(32,286),(67,286),(96,286),(132,286),(5,287),(8,287),(19,287),(55,287),(67,287),(72,287),(96,287),(8,288),(19,288),(55,288),(105,288),(126,288),(132,288),(8,289),(32,289),(47,289),(55,289),(67,289),(72,289),(96,289),(105,289),(146,289),(67,290),(72,290),(126,290),(146,290),(32,291),(47,291),(82,291),(105,291),(117,291),(126,291),(132,291),(151,291),(67,292),(72,292),(82,292),(96,292),(146,292),(5,293),(8,293),(19,293),(47,293),(55,293),(67,293),(72,293),(82,293),(96,293),(105,293),(117,293),(132,293),(19,294),(32,294),(72,294),(96,294),(117,294),(146,294),(5,295),(8,295),(19,295),(32,295),(47,295),(55,295),(67,295),(96,295),(105,295),(117,295),(146,295),(5,296),(19,296),(47,296),(96,296),(146,296),(151,296),(16,297),(34,297),(38,297),(59,297),(79,297),(88,297),(117,297),(144,297),(156,297),(25,298),(34,298),(59,298),(77,298),(79,298),(99,298),(156,298),(4,299),(16,299),(25,299),(34,299),(38,299),(53,299),(59,299),(79,299),(88,299),(117,299),(133,299),(156,299),(4,300),(16,300),(79,300),(117,300),(133,300),(4,301),(88,301),(99,301),(125,301),(133,301),(156,301),(4,302),(25,302),(34,302),(59,302),(99,302),(117,302),(133,302),(4,303),(16,303),(25,303),(53,303),(59,303),(77,303),(144,303),(156,303),(16,304),(38,304),(88,304),(99,304),(144,304),(4,305),(38,305),(53,305),(79,305),(88,305),(99,305),(125,305),(144,305),(34,306),(38,306),(79,306),(88,306),(99,306),(125,306),(144,306),(4,307),(25,307),(59,307),(77,307),(156,307),(34,308),(53,308),(79,308),(88,308),(125,308),(144,308),(25,309),(77,309),(79,309),(88,309),(117,309),(16,310),(25,310),(59,310),(117,310),(125,310),(133,310),(4,311),(16,311),(88,311),(125,311),(4,312),(16,312),(25,312),(38,312),(53,312),(99,312),(117,312),(133,312),(34,313),(77,313),(79,313),(125,313),(133,313),(144,313),(156,313),(53,314),(117,314),(133,314),(144,314),(34,315),(38,315),(53,315),(77,315),(99,315),(125,315),(59,316),(77,316),(99,316),(156,316),(4,317),(16,317),(34,317),(59,317),(77,317),(117,317),(144,317),(16,318),(25,318),(34,318),(53,318),(125,318),(133,318),(25,319),(38,319),(53,319),(59,319),(144,319),(156,319),(38,320),(53,320),(77,320),(79,320),(117,320),(125,320),(156,320),(25,321),(34,321),(38,321),(77,321),(88,321),(99,321),(133,321),(144,321),(156,321),(4,322),(16,322),(38,322),(53,322),(59,322),(77,322),(79,322),(88,322),(99,322),(117,322),(125,322),(133,322),(46,323),(58,323),(74,323),(89,323),(106,323),(119,323),(130,323),(145,323),(155,323),(6,324),(14,324),(19,324),(29,324),(46,324),(54,324),(74,324),(114,324),(119,324),(145,324),(6,325),(19,325),(89,325),(106,325),(114,325),(119,325),(145,325),(6,326),(14,326),(46,326),(58,326),(74,326),(86,326),(114,326),(119,326),(130,326),(14,327),(29,327),(46,327),(58,327),(86,327),(114,327),(130,327),(6,328),(46,328),(89,328),(106,328),(119,328),(130,328),(155,328),(6,329),(29,329),(54,329),(74,329),(86,329),(89,329),(119,329),(145,329),(155,329),(19,330),(46,330),(74,330),(86,330),(130,330),(14,331),(46,331),(54,331),(74,331),(106,331),(119,331),(14,332),(19,332),(54,332),(58,332),(89,332),(106,332),(155,332),(14,333),(29,333),(114,333),(130,333),(6,334),(14,334),(19,334),(46,334),(58,334),(86,334),(89,334),(130,334),(145,334),(6,335),(29,335),(58,335),(86,335),(89,335),(106,335),(114,335),(155,335),(6,336),(29,336),(58,336),(89,336),(106,336),(119,336),(145,336),(155,336),(14,337),(54,337),(58,337),(74,337),(86,337),(89,337),(155,337),(6,338),(46,338),(74,338),(89,338),(114,338),(145,338),(155,338),(19,339),(29,339),(54,339),(58,339),(74,339),(106,339),(130,339),(19,340),(54,340),(58,340),(74,340),(86,340),(106,340),(114,340),(145,340),(19,341),(29,341),(114,341),(6,342),(14,342),(29,342),(54,342),(74,342),(86,342),(119,342),(145,342),(155,342),(54,343),(58,343),(114,343),(130,343),(155,343),(29,344),(46,344),(14,345),(19,345),(86,345),(106,345),(119,345),(130,345),(145,345),(14,346),(19,346),(29,346),(54,346),(86,346),(106,346),(119,346),(6,347),(19,347),(46,347),(54,347),(89,347),(114,347),(130,347),(145,347),(155,347),(42,348),(97,348),(129,348),(1,349),(10,349),(85,349),(97,349),(102,349),(129,349),(10,350),(18,350),(42,350),(85,350),(97,350),(123,350),(129,350),(140,350),(155,350),(36,351),(51,351),(85,351),(102,351),(123,351),(140,351),(1,352),(10,352),(36,352),(42,352),(51,352),(70,352),(97,352),(102,352),(108,352),(155,352),(1,353),(10,353),(18,353),(36,353),(67,353),(108,353),(129,353),(155,353),(42,354),(67,354),(70,354),(129,354),(155,354),(10,355),(51,355),(67,355),(70,355),(140,355),(155,355),(1,356),(36,356),(51,356),(67,356),(108,356),(123,356),(129,356),(18,357),(36,357),(51,357),(85,357),(102,357),(108,357),(123,357),(1,358),(18,358),(51,358),(70,358),(85,358),(108,358),(140,358),(155,358),(1,359),(18,359),(36,359),(42,359),(51,359),(70,359),(85,359),(123,359),(129,359),(1,360),(10,360),(51,360),(85,360),(123,360),(36,361),(42,361),(51,361),(70,361),(85,361),(97,361),(102,361),(108,361),(123,361),(129,361),(140,361),(10,362),(18,362),(70,362),(102,362),(140,362),(155,362),(10,363),(18,363),(42,363),(97,363),(102,363),(123,363),(1,364),(10,364),(18,364),(42,364),(70,364),(97,364),(102,364),(129,364),(140,364),(155,364),(67,365),(108,365),(123,365),(140,365),(155,365),(1,366),(18,366),(36,366),(51,366),(67,366),(70,366),(97,366),(155,366),(10,367),(67,367),(97,367),(123,367),(140,367),(1,368),(42,368),(51,368),(67,368),(70,368),(85,368),(108,368),(140,368),(1,369),(36,369),(42,369),(85,369),(102,369),(108,369),(18,370),(67,370),(97,370),(123,370),(129,370),(140,370),(18,371),(36,371),(42,371),(67,371),(70,371),(85,371),(102,371),(108,371),(155,371),(10,372),(36,372),(67,372),(97,372),(102,372),(108,372),(129,372),(11,373),(35,373),(65,373),(73,373),(95,373),(110,373),(119,373),(154,373),(5,374),(48,374),(95,374),(154,374),(35,375),(48,375),(104,375),(25,376),(48,376),(73,376),(95,376),(104,376),(119,376),(154,376),(5,377),(11,377),(35,377),(85,377),(143,377),(154,377),(5,378),(11,378),(45,378),(73,378),(85,378),(110,378),(136,378),(143,378),(154,378),(35,379),(45,379),(95,379),(143,379),(25,380),(119,380),(143,380),(154,380),(11,381),(25,381),(45,381),(104,381),(136,381),(143,381),(45,382),(65,382),(73,382),(85,382),(104,382),(143,382),(5,383),(25,383),(35,383),(45,383),(85,383),(110,383),(136,383),(5,384),(65,384),(73,384),(104,384),(110,384),(154,384),(5,385),(25,385),(35,385),(45,385),(48,385),(119,385),(154,385),(5,386),(11,386),(25,386),(45,386),(65,386),(85,386),(95,386),(104,386),(110,386),(143,386),(154,386),(11,387),(48,387),(85,387),(95,387),(136,387),(5,388),(45,388),(73,388),(104,388),(110,388),(119,388),(136,388),(143,388),(5,389),(11,389),(25,389),(35,389),(48,389),(65,389),(85,389),(104,389),(11,390),(65,390),(104,390),(110,390),(85,391),(95,391),(136,391),(154,391),(25,392),(48,392),(95,392),(136,392),(154,392),(35,393),(110,393),(136,393),(35,394),(48,394),(85,394),(95,394),(119,394),(136,394),(5,395),(25,395),(45,395),(48,395),(65,395),(73,395),(119,395),(143,395),(11,396),(45,396),(65,396),(73,396),(85,396),(104,396),(11,397),(65,397),(95,397),(119,397),(48,398),(85,398),(110,398),(136,398),(35,399),(48,399),(73,399),(119,399),(143,399),(5,400),(11,400),(25,400),(35,400),(45,400),(65,400),(104,400),(119,400),(73,401),(95,401),(110,401),(136,401),(25,402),(65,402),(73,402),(110,402),(119,402),(143,402),(50,403),(60,403),(89,403),(109,403),(153,403),(15,404),(23,404),(28,404),(50,404),(79,404),(15,405),(23,405),(50,405),(68,405),(79,405),(124,405),(28,406),(45,406),(68,406),(105,406),(28,407),(129,407),(138,407),(23,408),(45,408),(50,408),(60,408),(89,408),(138,408),(15,409),(23,409),(28,409),(60,409),(68,409),(89,409),(105,409),(109,409),(153,409),(23,410),(28,410),(68,410),(79,410),(89,410),(105,410),(124,410),(129,410),(138,410),(153,410),(15,411),(28,411),(45,411),(60,411),(79,411),(105,411),(124,411),(129,411),(45,412),(89,412),(109,412),(124,412),(129,412),(138,412),(153,412),(15,413),(23,413),(28,413),(45,413),(50,413),(60,413),(68,413),(79,413),(89,413),(105,413),(15,414),(60,414),(89,414),(109,414),(129,414),(23,415),(28,415),(138,415),(45,416),(50,416),(68,416),(105,416),(45,417),(50,417),(60,417),(79,417),(109,417),(124,417),(138,417),(28,418),(45,418),(68,418),(124,418),(138,418),(153,418),(15,419),(60,419),(68,419),(105,419),(50,420),(60,420),(105,420),(129,420),(153,420),(15,421),(23,421),(45,421),(105,421),(153,421),(28,422),(45,422),(79,422),(109,422),(153,422),(23,423),(68,423),(89,423),(109,423),(129,423),(153,423),(15,424),(50,424),(68,424),(79,424),(105,424),(109,424),(124,424),(129,424),(138,424),(28,425),(68,425),(79,425),(109,425),(138,425),(45,426),(50,426),(60,426),(79,426),(89,426),(124,426),(129,426),(89,427),(105,427),(15,428),(89,428),(109,428),(129,428),(23,429),(124,429),(129,429),(138,429),(153,429),(79,430),(124,430),(138,430),(50,431),(60,431),(153,431),(15,432),(23,432),(109,432),(124,432),(15,433),(20,433),(56,433),(106,433),(115,433),(118,433),(135,433),(154,433),(4,434),(30,434),(47,434),(75,434),(83,434),(91,434),(106,434),(118,434),(135,434),(139,434),(4,435),(75,435),(115,435),(135,435),(139,435),(4,436),(15,436),(30,436),(64,436),(106,436),(115,436),(135,436),(139,436),(15,437),(20,437),(30,437),(47,437),(56,437),(75,437),(91,437),(115,437),(118,437),(154,437),(4,438),(20,438),(75,438),(83,438),(106,438),(118,438),(30,439),(47,439),(56,439),(75,439),(91,439),(115,439),(139,439),(154,439),(15,440),(56,440),(64,440),(75,440),(83,440),(91,440),(106,440),(118,440),(154,440),(4,441),(15,441),(20,441),(47,441),(83,441),(91,441),(135,441),(154,441),(20,442),(30,442),(47,442),(56,442),(64,442),(4,443),(15,443),(30,443),(64,443),(75,443),(83,443),(106,443),(118,443),(139,443),(20,444),(106,444),(135,444),(139,444),(154,444),(4,445),(20,445),(56,445),(64,445),(91,445),(106,445),(118,445),(154,445),(20,446),(75,446),(83,446),(91,446),(154,446),(15,447),(83,447),(106,447),(139,447),(4,448),(47,448),(56,448),(64,448),(75,448),(106,448),(115,448),(135,448),(20,449),(30,449),(47,449),(91,449),(118,449),(139,449),(15,450),(47,450),(56,450),(64,450),(118,450),(15,451),(30,451),(64,451),(115,451),(135,451),(4,452),(47,452),(56,452),(75,452),(91,452),(115,452),(135,452),(4,453),(30,453),(91,453),(115,453),(118,453),(154,453),(30,454),(47,454),(56,454),(64,454),(83,454),(115,454),(135,454),(139,454),(15,455),(20,455),(64,455),(83,455),(106,455),(118,455),(139,455),(154,455),(4,456),(15,456),(30,456),(56,456),(64,456),(83,456),(91,456),(135,456),(139,456),(154,456),(20,457),(47,457),(75,457),(83,457),(115,457),(37,458),(78,458),(96,458),(107,458),(137,458),(144,458),(157,458),(37,459),(52,459),(96,459),(123,459),(137,459),(44,460),(71,460),(78,460),(157,460),(7,461),(71,461),(96,461),(123,461),(7,462),(24,462),(52,462),(60,462),(96,462),(107,462),(115,462),(123,462),(137,462),(144,462),(157,462),(7,463),(24,463),(37,463),(44,463),(52,463),(60,463),(71,463),(78,463),(107,463),(115,463),(137,463),(24,464),(71,464),(137,464),(157,464),(7,465),(37,465),(52,465),(96,465),(107,465),(144,465),(157,465),(14,466),(37,466),(44,466),(52,466),(60,466),(115,466),(144,466),(24,467),(37,467),(44,467),(60,467),(123,467),(144,467),(157,467),(37,468),(137,468),(52,469),(71,469),(78,469),(107,469),(123,469),(7,470),(14,470),(24,470),(60,470),(71,470),(96,470),(123,470),(144,470),(14,471),(24,471),(37,471),(44,471),(78,471),(115,471),(137,471),(7,472),(14,472),(44,472),(52,472),(137,472),(7,473),(14,473),(60,473),(78,473),(123,473),(78,474),(115,474),(144,474),(157,474),(37,475),(115,475),(144,475),(7,476),(14,476),(24,476),(37,476),(44,476),(60,476),(71,476),(96,476),(107,476),(144,476),(60,477),(71,477),(107,477),(115,477),(14,478),(37,478),(52,478),(60,478),(78,478),(96,478),(107,478),(123,478),(137,478),(157,478),(44,479),(78,479),(96,479),(107,479),(157,479),(7,480),(14,480),(24,480),(44,480),(52,480),(60,480),(71,480),(107,480),(115,480),(123,480),(137,480),(24,481),(115,481),(14,482),(24,482),(44,482),(52,482),(60,482),(71,482),(115,482),(137,482),(7,483),(14,483),(78,483),(96,483),(107,483),(123,483),(144,483),(157,483),(7,484),(14,484),(24,484),(44,484),(52,484),(71,484),(78,484),(96,484),(115,484),(123,484),(144,484),(157,484),(16,485),(21,485),(69,485),(81,485),(121,485),(143,485),(57,486),(90,486),(131,486),(150,486),(16,487),(21,487),(36,487),(57,487),(69,487),(107,487),(131,487),(16,488),(43,488),(81,488),(114,488),(131,488),(150,488),(36,489),(43,489),(57,489),(69,489),(90,489),(114,489),(131,489),(36,490),(43,490),(57,490),(81,490),(114,490),(131,490),(143,490),(21,491),(36,491),(43,491),(57,491),(107,491),(114,491),(121,491),(131,491),(143,491),(43,492),(57,492),(121,492),(16,493),(21,493),(64,493),(69,493),(64,494),(107,494),(143,494),(150,494),(43,495),(57,495),(90,495),(107,495),(114,495),(131,495),(150,495),(64,496),(69,496),(143,496),(150,496),(16,497),(21,497),(43,497),(90,497),(107,497),(121,497),(43,498),(90,498),(107,498),(114,498),(36,499),(64,499),(69,499),(114,499),(150,499),(21,500),(57,500),(81,500),(143,500),(150,500),(16,501),(64,501),(81,501),(16,502),(21,502),(36,502),(90,502),(131,502),(64,503),(69,503),(121,503),(143,503),(16,504),(81,504),(90,504),(107,504),(121,504),(143,504),(150,504),(21,505),(57,505),(69,505),(131,505),(150,505),(16,506),(114,506),(121,506),(21,507),(36,507),(64,507),(69,507),(121,507),(143,507),(81,508),(90,508),(131,508),(81,509),(90,509),(121,509),(36,510),(43,510),(64,510),(69,510),(90,510),(107,510),(114,510),(143,510),(36,511),(43,511),(64,511),(69,511),(90,511),(121,511),(150,511),(21,512),(43,512),(57,512),(64,512),(81,512),(107,512),(114,512),(143,512),(16,513),(21,513),(36,513),(64,513),(81,513),(107,513),(121,513),(16,514),(107,514),(150,514),(36,515),(57,515),(81,515),(114,515),(131,515),(22,516),(44,516),(74,516),(84,516),(104,516),(112,516),(22,517),(62,517),(97,517),(104,517),(156,517),(22,518),(74,518),(84,518),(97,518),(104,518),(138,518),(9,519),(30,519),(74,519),(104,519),(121,519),(132,519),(156,519),(9,520),(30,520),(44,520),(49,520),(74,520),(97,520),(104,520),(112,520),(121,520),(132,520),(138,520),(156,520),(9,521),(44,521),(49,521),(74,521),(84,521),(104,521),(138,521),(44,522),(49,522),(62,522),(74,522),(84,522),(97,522),(112,522),(138,522),(156,522),(44,523),(49,523),(97,523),(121,523),(138,523),(9,524),(49,524),(62,524),(74,524),(84,524),(97,524),(121,524),(9,525),(22,525),(30,525),(44,525),(62,525),(97,525),(104,525),(112,525),(132,525),(138,525),(156,525),(9,526),(30,526),(62,526),(112,526),(132,526),(156,526),(30,527),(84,527),(121,527),(156,527),(22,528),(30,528),(49,528),(74,528),(84,528),(138,528),(9,529),(30,529),(74,529),(97,529),(121,529),(132,529),(138,529),(156,529),(22,530),(44,530),(62,530),(74,530),(97,530),(121,530),(132,530),(30,531),(62,531),(84,531),(112,531),(132,531),(22,532),(30,532),(49,532),(62,532),(156,532),(44,533),(62,533),(84,533),(104,533),(132,533),(138,533),(22,534),(49,534),(97,534),(104,534),(112,534),(121,534),(9,535),(22,535),(30,535),(49,535),(84,535),(97,535),(112,535),(121,535),(132,535),(9,536),(22,536),(49,536),(62,536),(104,536),(112,536),(121,536),(132,536),(138,536),(156,536),(9,537),(22,537),(44,537),(74,537),(112,537),(121,537),(132,537),(156,537),(30,538),(44,538),(49,538),(62,538),(84,538),(112,538),(9,539),(44,539),(104,539),(138,539),(17,540),(40,540),(75,540),(103,540),(109,540),(127,540),(137,540),(149,540),(17,541),(51,541),(61,541),(81,541),(95,541),(103,541),(17,542),(34,542),(75,542),(81,542),(109,542),(127,542),(137,542),(141,542),(149,542),(61,543),(95,543),(103,543),(17,544),(27,544),(51,544),(61,544),(95,544),(103,544),(127,544),(137,544),(17,545),(27,545),(40,545),(51,545),(109,545),(141,545),(34,546),(81,546),(127,546),(149,546),(17,547),(34,547),(40,547),(51,547),(61,547),(81,547),(95,547),(137,547),(141,547),(149,547),(34,548),(81,548),(95,548),(141,548),(34,549),(51,549),(61,549),(75,549),(81,549),(127,549),(149,549),(40,550),(75,550),(81,550),(103,550),(137,550),(149,550),(75,551),(95,551),(127,551),(27,552),(40,552),(109,552),(127,552),(27,553),(51,553),(75,553),(81,553),(103,553),(137,553),(34,554),(51,554),(61,554),(75,554),(109,554),(137,554),(141,554),(149,554),(103,555),(27,556),(34,556),(61,556),(95,556),(103,556),(109,556),(137,556),(141,556),(149,556),(40,557),(141,557),(17,558),(27,558),(61,558),(75,558),(81,558),(95,558),(103,558),(109,558),(127,558),(137,558),(141,558),(27,559),(34,559),(40,559),(51,559),(75,559),(109,559),(127,559),(141,559),(17,560),(27,560),(34,560),(40,560),(51,560),(75,560),(109,560),(137,560),(149,560),(17,561),(27,561),(40,561),(75,561),(127,561),(141,561),(81,562),(103,562),(149,562),(27,563),(34,563),(40,563),(61,563),(95,563),(149,563),(17,564),(51,564),(95,564),(127,564),(40,565),(61,565),(95,565),(103,565),(109,565),(137,565),(17,566),(27,566),(34,566),(51,566),(61,566),(81,566),(109,566),(141,566),(33,567),(73,567),(55,568),(73,568),(90,568),(120,568),(134,568),(148,568),(10,569),(26,569),(58,569),(99,569),(7,570),(40,570),(55,570),(58,570),(99,570),(7,571),(10,571),(40,571),(58,571),(73,571),(134,571),(10,572),(26,572),(73,572),(80,572),(120,572),(134,572),(7,573),(40,573),(55,573),(58,573),(80,573),(90,573),(99,573),(113,573),(120,573),(139,573),(40,574),(58,574),(99,574),(120,574),(139,574),(148,574),(10,575),(26,575),(55,575),(58,575),(90,575),(99,575),(113,575),(134,575),(10,576),(26,576),(58,576),(80,576),(90,576),(148,576),(40,577),(55,577),(58,577),(73,577),(113,577),(139,577),(148,577),(10,578),(33,578),(40,578),(80,578),(90,578),(120,578),(134,578),(139,578),(148,578),(7,579),(90,579),(99,579),(120,579),(139,579),(7,580),(40,580),(55,580),(73,580),(113,580),(134,580),(7,581),(33,581),(80,581),(148,581),(26,582),(33,582),(55,582),(80,582),(90,582),(113,582),(134,582),(139,582),(148,582),(26,583),(33,583),(55,583),(73,583),(80,583),(134,583),(139,583),(148,583),(7,584),(10,584),(26,584),(55,584),(58,584),(80,584),(99,584),(113,584),(139,584),(148,584),(7,585),(10,585),(33,585),(58,585),(73,585),(80,585),(90,585),(99,585),(113,585),(120,585),(10,586),(26,586),(40,586),(90,586),(120,586),(139,586),(26,587),(33,587),(40,587),(55,587),(99,587),(113,587),(120,587),(33,588),(90,588),(113,588),(7,589),(10,589),(26,589),(33,589),(40,589),(58,589),(73,589),(99,589),(134,589),(7,590),(33,590),(40,590),(55,590),(113,590),(148,590),(26,591),(73,591),(80,591),(90,591),(113,591),(120,591),(134,591),(139,591),(148,591),(7,592),(10,592),(33,592),(73,592),(80,592),(99,592),(120,592),(134,592),(139,592),(8,593),(43,593),(8,594),(22,594),(28,594),(43,594),(59,594),(76,594),(94,594),(122,594),(135,594),(152,594),(22,595),(28,595),(76,595),(80,595),(103,595),(110,595),(54,596),(80,596),(135,596),(43,597),(94,597),(142,597),(8,598),(54,598),(59,598),(94,598),(103,598),(152,598),(80,599),(94,599),(122,599),(135,599),(43,600),(54,600),(28,601),(59,601),(76,601),(110,601),(152,601),(8,602),(43,602),(54,602),(80,602),(110,602),(142,602),(43,603),(122,603),(135,603),(8,604),(22,604),(54,604),(59,604),(80,604),(94,604),(110,604),(142,604),(152,604),(28,605),(59,605),(103,605),(110,605),(152,605),(54,606),(110,606),(122,606),(142,606),(76,607),(103,607),(122,607),(142,607),(152,607),(8,608),(22,608),(43,608),(59,608),(122,608),(135,608),(22,609),(28,609),(43,609),(54,609),(76,609),(94,609),(103,609),(135,609),(8,610),(22,610),(76,610),(135,610),(142,610),(8,611),(22,611),(28,611),(80,611),(94,611),(103,611),(152,611),(43,612),(59,612),(76,612),(80,612),(94,612),(103,612),(142,612),(8,613),(22,613),(28,613),(54,613),(110,613),(122,613),(142,613),(22,614),(54,614),(76,614),(110,614),(152,614),(94,615),(103,615),(135,615),(152,615),(28,616),(43,616),(59,616),(76,616),(103,616),(135,616),(142,616),(8,617),(54,617),(135,617),(59,618),(76,618),(80,618),(122,618),(152,618),(80,619),(135,619),(22,620),(28,620),(59,620),(94,620),(110,620),(122,620),(59,621),(76,621),(80,621),(103,621),(142,621),(152,621),(8,622),(22,622),(28,622),(43,622),(54,622),(110,622),(122,622),(28,623),(80,623),(94,623),(103,623),(110,623),(122,623),(142,623),(35,624),(84,624),(113,624),(128,624),(13,625),(21,625),(38,625),(52,625),(63,625),(102,625),(128,625),(21,626),(38,626),(63,626),(127,626),(13,627),(72,627),(113,627),(127,627),(128,627),(147,627),(2,628),(94,628),(102,628),(113,628),(127,628),(153,628),(13,629),(21,629),(38,629),(72,629),(84,629),(102,629),(127,629),(153,629),(21,630),(52,630),(63,630),(2,631),(13,631),(38,631),(63,631),(147,631),(153,631),(2,632),(13,632),(21,632),(38,632),(52,632),(72,632),(84,632),(94,632),(102,632),(128,632),(35,633),(113,633),(13,634),(84,634),(102,634),(113,634),(127,634),(13,635),(21,635),(52,635),(113,635),(128,635),(21,636),(35,636),(84,636),(94,636),(147,636),(153,636),(13,637),(21,637),(38,637),(52,637),(63,637),(72,637),(113,637),(128,637),(153,637),(35,638),(38,638),(63,638),(72,638),(102,638),(128,638),(153,638),(13,639),(35,639),(52,639),(72,639),(84,639),(94,639),(102,639),(153,639),(2,640),(35,640),(63,640),(72,640),(94,640),(102,640),(147,640),(153,640),(13,641),(52,641),(63,641),(72,641),(84,641),(94,641),(127,641),(147,641),(153,641),(2,642),(52,642),(63,642),(94,642),(102,642),(128,642),(2,643),(13,643),(35,643),(38,643),(127,643),(147,643),(2,644),(35,644),(38,644),(72,644),(84,644),(94,644),(113,644),(127,644),(128,644),(147,644),(2,645),(35,645),(72,645),(94,645),(113,645),(147,645),(2,646),(21,646),(52,646),(63,646),(84,646),(94,646),(113,646),(127,646),(147,646),(2,647),(21,647),(38,647),(63,647),(72,647),(84,647),(102,647),(127,647),(128,647),(153,647),(2,648),(21,648),(35,648),(52,648),(84,648),(94,648),(102,648),(113,648),(147,648),(153,648),(35,649),(38,649),(52,649),(127,649),(128,649),(147,649),(3,650),(46,650),(66,650),(71,650),(101,650),(120,650),(3,651),(13,651),(71,651),(116,651),(120,651),(141,651),(3,652),(13,652),(18,652),(32,652),(46,652),(66,652),(71,652),(92,652),(101,652),(136,652),(152,652),(13,653),(18,653),(71,653),(83,653),(13,654),(18,654),(32,654),(66,654),(92,654),(101,654),(116,654),(136,654),(152,654),(3,655),(32,655),(46,655),(53,655),(66,655),(83,655),(101,655),(120,655),(136,655),(141,655),(152,655),(13,656),(83,656),(101,656),(13,657),(32,657),(53,657),(92,657),(116,657),(136,657),(141,657),(46,658),(101,658),(116,658),(120,658),(13,659),(83,659),(92,659),(141,659),(152,659),(3,660),(18,660),(53,660),(66,660),(71,660),(92,660),(101,660),(116,660),(120,660),(136,660),(152,660),(3,661),(13,661),(46,661),(53,661),(71,661),(141,661),(152,661),(3,662),(18,662),(32,662),(53,662),(66,662),(101,662),(120,662),(3,663),(13,663),(92,663),(116,663),(136,663),(53,664),(83,664),(92,664),(101,664),(116,664),(120,664),(152,664),(18,665),(46,665),(53,665),(66,665),(136,665),(3,666),(18,666),(46,666),(53,666),(66,666),(136,666),(152,666),(32,667),(71,667),(83,667),(92,667),(13,668),(18,668),(32,668),(53,668),(66,668),(71,668),(83,668),(101,668),(141,668),(3,669),(32,669),(46,669),(66,669),(71,669),(116,669),(120,669),(136,669),(141,669),(18,670),(32,670),(46,670),(53,670),(83,670),(92,670),(116,670),(141,670),(152,670),(3,671),(18,671),(46,671),(83,671),(92,671),(120,671),(46,672),(53,672),(71,672),(83,672),(120,672),(141,672),(152,672),(18,673),(32,673),(83,673),(92,673),(101,673),(116,673),(120,673),(136,673),(141,673),(13,674),(32,674),(66,674),(71,674),(116,674),(136,674),(141,674),(152,674),(2,699),(41,699),(82,699),(91,699),(100,699),(140,699),(2,700),(12,700),(24,700),(41,700),(116,700),(124,700),(148,700),(31,701),(69,701),(82,701),(124,701),(24,702),(31,702),(69,702),(82,702),(100,702),(130,702),(2,703),(12,703),(24,703),(31,703),(61,703),(69,703),(82,703),(116,703),(124,703),(130,703),(140,703),(12,704),(61,704),(124,704),(130,704),(140,704),(31,705),(69,705),(91,705),(116,705),(130,705),(140,705),(148,705),(2,706),(12,706),(31,706),(41,706),(48,706),(91,706),(100,706),(140,706),(12,707),(61,707),(100,707),(124,707),(130,707),(148,707),(24,708),(41,708),(48,708),(61,708),(69,708),(91,708),(130,708),(148,708),(12,709),(24,709),(31,709),(82,709),(100,709),(116,709),(124,709),(148,709),(12,710),(31,710),(41,710),(48,710),(61,710),(69,710),(82,710),(124,710),(130,710),(140,710),(148,710),(41,711),(48,711),(69,711),(116,711),(140,711),(41,712),(48,712),(69,712),(82,712),(116,712),(2,713),(41,713),(61,713),(82,713),(91,713),(116,713),(2,714),(12,714),(24,714),(31,714),(48,714),(61,714),(69,714),(91,714),(100,714),(116,714),(124,714),(148,714),(2,715),(24,715),(61,715),(82,715),(91,715),(100,715),(130,715),(148,715),(69,716),(82,716),(100,716),(116,716),(124,716),(140,716),(24,717),(31,717),(48,717),(82,717),(91,717),(130,717),(140,717),(2,718),(41,718),(48,718),(61,718),(91,718),(100,718),(116,718),(130,718),(148,718),(2,719),(12,719),(31,719),(48,719),(61,719),(91,719),(116,719),(148,719),(2,720),(12,720),(24,720),(41,720),(48,720),(69,720),(140,720),(148,720),(2,721),(12,721),(24,721),(31,721),(41,721),(48,721),(61,721),(100,721),(124,721),(130,721),(24,722),(91,722),(100,722),(124,722),(140,722),(12,723),(27,723),(50,723),(87,723),(133,723),(150,723),(101,724),(122,724),(133,724),(146,724),(12,725),(63,725),(93,725),(12,726),(27,726),(33,726),(39,726),(122,726),(133,726),(6,727),(27,727),(70,727),(87,727),(133,727),(6,728),(70,728),(101,728),(112,728),(146,728),(6,729),(12,729),(27,729),(63,729),(122,729),(133,729),(6,730),(27,730),(33,730),(70,730),(133,730),(150,730),(39,731),(50,731),(101,731),(112,731),(122,731),(146,731),(6,732),(27,732),(87,732),(101,732),(122,732),(150,732),(27,733),(87,733),(93,733),(112,733),(12,734),(39,734),(50,734),(63,734),(101,734),(112,734),(122,734),(146,734),(33,735),(39,735),(50,735),(93,735),(112,735),(146,735),(150,735),(27,736),(33,736),(63,736),(70,736),(93,736),(101,736),(112,736),(146,736),(150,736),(12,737),(27,737),(50,737),(63,737),(133,737),(12,738),(27,738),(50,738),(63,738),(93,738),(112,738),(133,738),(12,739),(101,739),(146,739),(33,740),(39,740),(70,740),(93,740),(101,740),(122,740),(6,741),(12,741),(39,741),(87,741),(93,741),(6,742),(33,742),(50,742),(87,742),(133,742),(6,743),(33,743),(87,743),(150,743),(39,744),(50,744),(63,744),(112,744),(150,744),(6,745),(33,745),(50,745),(70,745),(87,745),(93,745),(146,745),(150,745),(33,746),(39,746),(63,746),(101,746),(122,746),(6,747),(39,747),(93,747),(146,747),(6,748),(12,748),(63,748),(70,748),(87,748),(93,748),(101,748),(122,748),(133,748),(150,748),(12,749),(33,749),(39,749),(50,749),(63,749),(70,749),(112,749),(133,749),(146,749),(150,749),(33,750),(70,750),(87,750),(101,750),(112,750),(122,750),(39,751),(63,751),(70,751),(112,751),(122,751),(150,751),(27,752),(50,752),(70,752),(87,752),(93,752),(146,752),(62,753),(76,753),(93,753),(111,753),(151,753),(11,754),(26,754),(62,754),(76,754),(78,754),(111,754),(128,754),(3,755),(11,755),(31,755),(56,755),(76,755),(78,755),(128,755),(145,755),(151,755),(26,756),(56,756),(62,756),(93,756),(125,756),(128,756),(151,756),(26,757),(62,757),(93,757),(98,757),(125,757),(3,758),(31,758),(56,758),(78,758),(98,758),(111,758),(125,758),(3,759),(11,759),(26,759),(31,759),(42,759),(56,759),(93,759),(98,759),(125,759),(151,759),(31,760),(42,760),(62,760),(76,760),(78,760),(93,760),(98,760),(111,760),(125,760),(145,760),(31,761),(76,761),(78,761),(93,761),(98,761),(128,761),(145,761),(31,762),(56,762),(76,762),(78,762),(98,762),(128,762),(151,762),(3,763),(11,763),(26,763),(31,763),(56,763),(62,763),(78,763),(93,763),(111,763),(145,763),(151,763),(3,764),(11,764),(26,764),(31,764),(42,764),(56,764),(93,764),(98,764),(125,764),(145,764),(151,764),(3,765),(26,765),(42,765),(56,765),(76,765),(78,765),(98,765),(111,765),(128,765),(145,765),(151,765),(11,766),(56,766),(76,766),(111,766),(125,766),(145,766),(26,767),(42,767),(56,767),(62,767),(78,767),(93,767),(26,768),(42,768),(62,768),(111,768),(125,768),(128,768),(151,768),(3,769),(11,769),(31,769),(76,769),(151,769),(3,770),(11,770),(31,770),(42,770),(62,770),(76,770),(98,770),(111,770),(125,770),(128,770),(3,771),(11,771),(42,771),(76,771),(125,771),(128,771),(11,772),(42,772),(62,772),(78,772),(145,772),(26,773),(31,773),(98,773),(111,773),(145,773),(3,774),(42,774),(56,774),(78,774),(93,774),(98,774),(128,774),(145,774),(3,775),(11,775),(26,775),(42,775),(62,775),(93,775),(111,775),(125,775),(128,775),(145,775),(151,775),(1,776),(39,776),(57,776),(65,776),(86,776),(92,776),(100,776),(111,776),(134,776),(1,777),(9,777),(23,777),(37,777),(77,777),(86,777),(92,777),(39,778),(65,778),(111,778),(134,778),(9,779),(37,779),(77,779),(92,779),(100,779),(111,779),(118,779),(134,779),(149,779),(23,780),(37,780),(39,780),(142,780),(9,781),(57,781),(77,781),(86,781),(92,781),(111,781),(118,781),(134,781),(1,782),(23,782),(37,782),(65,782),(100,782),(118,782),(142,782),(149,782),(23,783),(77,783),(100,783),(134,783),(142,783),(9,784),(23,784),(39,784),(57,784),(77,784),(86,784),(92,784),(134,784),(149,784),(57,785),(92,785),(111,785),(134,785),(142,785),(9,786),(23,786),(37,786),(39,786),(65,786),(100,786),(111,786),(118,786),(142,786),(9,787),(65,787),(77,787),(86,787),(100,787),(134,787),(37,788),(39,788),(57,788),(65,788),(77,788),(86,788),(92,788),(100,788),(149,788),(1,789),(9,789),(37,789),(39,789),(57,789),(65,789),(111,789),(134,789),(142,789),(1,790),(37,790),(39,790),(57,790),(65,790),(86,790),(111,790),(118,790),(142,790),(149,790),(1,791),(23,791),(77,791),(134,791),(142,791),(149,791),(1,792),(23,792),(37,792),(39,792),(57,792),(86,792),(100,792),(111,792),(149,792),(1,793),(39,793),(77,793),(92,793),(118,793),(142,793),(149,793),(1,794),(37,794),(65,794),(92,794),(100,794),(118,794),(9,795),(23,795),(57,795),(92,795),(149,795),(9,796),(23,796),(57,796),(77,796),(86,796),(111,796),(118,796),(1,797),(39,797),(65,797),(100,797),(118,797),(142,797),(149,797),(1,798),(9,798),(23,798),(37,798),(65,798),(86,798),(92,798),(111,798),(118,798),(142,798),(149,798),(9,799),(57,799),(77,799),(86,799),(100,799),(118,799),(134,799);
/*!40000 ALTER TABLE `appearance` ENABLE KEYS */;
UNLOCK TABLES;

--
-- Table structure for table `coach`
--

DROP TABLE IF EXISTS `coach`;
/*!40101 SET @saved_cs_client     = @@character_set_client */;
/*!40101 SET character_set_client = utf8 */;
CREATE TABLE `coach` (
  `coachid` int(11) NOT NULL AUTO_INCREMENT,
  `FirstName` varchar(45) NOT NULL,
  `LastName` varchar(45) NOT NULL,
  `nationalityID` int(11) NOT NULL,
  `age` int(11) NOT NULL,
  `clubid` int(11) DEFAULT NULL,
  `JoinClubDate` date DEFAULT NULL,
  PRIMARY KEY (`coachid`),
  UNIQUE KEY `coachid_UNIQUE` (`coachid`),
  KEY `ClubID_FK_idx` (`clubid`),
  KEY `CoachNationality_FK_idx` (`nationalityID`),
  CONSTRAINT `CoachClub_FK` FOREIGN KEY (`clubid`) REFERENCES `footballclub` (`Clubid`) ON DELETE NO ACTION ON UPDATE NO ACTION,
  CONSTRAINT `CoachNationality_FK` FOREIGN KEY (`nationalityID`) REFERENCES `nationality` (`nationalityID`) ON DELETE NO ACTION ON UPDATE NO ACTION
) ENGINE=InnoDB AUTO_INCREMENT=26 DEFAULT CHARSET=utf8;
/*!40101 SET character_set_client = @saved_cs_client */;

--
-- Dumping data for table `coach`
--

LOCK TABLES `coach` WRITE;
/*!40000 ALTER TABLE `coach` DISABLE KEYS */;
INSERT INTO `coach` VALUES (1,'Arsène','Wenger',2,68,1,'1996-10-01'),(3,'Eddie','Howe',1,40,2,'2012-10-11'),(4,'Chris','Hughton',3,58,3,'2014-12-31'),(5,'Sean','Dyche',1,46,4,'2012-10-31'),(6,'Antonio','Conte',4,48,5,'2016-07-01'),(7,'Roy','Hodgson',1,70,6,'2017-09-12'),(8,'Sam','Allardyce',1,63,7,'2017-11-30'),(9,'David','Wagner',6,46,8,'2015-11-09'),(10,'Claude','Puel',2,56,9,'2017-10-25'),(11,'Jürgen','Klopp',6,50,10,'2015-10-08'),(12,'Josep','Guardiola',7,46,11,'2016-07-01'),(13,'José','Mourinho',8,54,12,'2016-05-27'),(14,'Rafael','Benítez',7,57,13,'2016-03-11'),(15,'Mauricio','Pellegrino',9,46,14,'2017-06-23'),(16,'Mark','Hughes',10,54,15,'2013-05-30'),(17,'Paul','Clement',1,45,16,'2017-01-03'),(18,'Mauricio','Pochettino',9,45,17,'2014-05-27'),(19,'Marco','Silva',8,40,18,'2017-05-28'),(20,'Alan','Pardew',1,56,19,'2017-11-29'),(21,'David','Moyes',11,54,20,'2017-11-07'),(22,'Craig','Shakespeare',1,54,NULL,NULL),(23,'Ronald','Koeman',5,54,NULL,NULL),(25,'David','Unsworth',1,44,NULL,NULL);
/*!40000 ALTER TABLE `coach` ENABLE KEYS */;
UNLOCK TABLES;

--
-- Table structure for table `footballclub`
--

DROP TABLE IF EXISTS `footballclub`;
/*!40101 SET @saved_cs_client     = @@character_set_client */;
/*!40101 SET character_set_client = utf8 */;
CREATE TABLE `footballclub` (
  `Clubid` int(11) NOT NULL AUTO_INCREMENT,
  `ClubName` varchar(45) NOT NULL,
  `Incity` varchar(45) NOT NULL,
  PRIMARY KEY (`Clubid`),
  UNIQUE KEY `clubid_UNIQUE` (`Clubid`),
  UNIQUE KEY `name_UNIQUE` (`ClubName`)
) ENGINE=InnoDB AUTO_INCREMENT=21 DEFAULT CHARSET=utf8;
/*!40101 SET character_set_client = @saved_cs_client */;

--
-- Dumping data for table `footballclub`
--

LOCK TABLES `footballclub` WRITE;
/*!40000 ALTER TABLE `footballclub` DISABLE KEYS */;
INSERT INTO `footballclub` VALUES (1,'Arsenal','London'),(2,'Bournemouth','Bournemouth'),(3,'Brighton','Brighton and Hove'),(4,'Burnley','Burnley'),(5,'Chelsea','London'),(6,'Crystal Palace','London'),(7,'Everton','Liverpool'),(8,'Huddersfield Town','Huddersfield'),(9,'Leicester City','Leicester'),(10,'Liverpool','Liverpool'),(11,'Manchester City','Manchester'),(12,'Manchester United','Manchester'),(13,'Newcastle United','Newcastle upon Tyne'),(14,'Southampton','Southampton'),(15,'Stoke City','Stoke'),(16,'Swansea City','Swansea'),(17,'Tottenham Hotspur','London'),(18,'Watford','Watford'),(19,'West Bromwich Albion','West Bromwich'),(20,'West Ham United','London');
/*!40000 ALTER TABLE `footballclub` ENABLE KEYS */;
UNLOCK TABLES;

--
-- Table structure for table `in_transfers`
--

DROP TABLE IF EXISTS `in_transfers`;
/*!40101 SET @saved_cs_client     = @@character_set_client */;
/*!40101 SET character_set_client = utf8 */;
CREATE TABLE `in_transfers` (
  `In_TransferID` int(11) NOT NULL AUTO_INCREMENT,
  `PlayerID` int(11) NOT NULL,
  `ClubID` int(11) NOT NULL,
  `TransferDate` date NOT NULL,
  `TransferAmount` double DEFAULT NULL,
  `Currency` varchar(45) DEFAULT NULL,
  `Description` enum('Free','Loan','Undisclosed','Released') DEFAULT NULL,
  PRIMARY KEY (`In_TransferID`),
  KEY `PlayerID_FK_idx` (`PlayerID`),
  KEY `ClubID_FK_idx` (`ClubID`),
  CONSTRAINT `InTransClubID_FK` FOREIGN KEY (`ClubID`) REFERENCES `footballclub` (`Clubid`) ON DELETE NO ACTION ON UPDATE NO ACTION,
  CONSTRAINT `InTransPlayerID_FK` FOREIGN KEY (`PlayerID`) REFERENCES `players` (`PlayerID`) ON DELETE NO ACTION ON UPDATE NO ACTION
) ENGINE=InnoDB AUTO_INCREMENT=5 DEFAULT CHARSET=utf8;
/*!40101 SET character_set_client = @saved_cs_client */;

--
-- Dumping data for table `in_transfers`
--

LOCK TABLES `in_transfers` WRITE;
/*!40000 ALTER TABLE `in_transfers` DISABLE KEYS */;
INSERT INTO `in_transfers` VALUES (2,801,1,'2017-12-11',80000000,'Euro','Released'),(4,802,1,'2017-12-10',NULL,NULL,'Undisclosed');
/*!40000 ALTER TABLE `in_transfers` ENABLE KEYS */;
UNLOCK TABLES;
/*!50003 SET @saved_cs_client      = @@character_set_client */ ;
/*!50003 SET @saved_cs_results     = @@character_set_results */ ;
/*!50003 SET @saved_col_connection = @@collation_connection */ ;
/*!50003 SET character_set_client  = utf8 */ ;
/*!50003 SET character_set_results = utf8 */ ;
/*!50003 SET collation_connection  = utf8_general_ci */ ;
/*!50003 SET @saved_sql_mode       = @@sql_mode */ ;
/*!50003 SET sql_mode              = 'STRICT_TRANS_TABLES,NO_AUTO_CREATE_USER,NO_ENGINE_SUBSTITUTION' */ ;
DELIMITER ;;
/*!50003 CREATE*/ /*!50017 DEFINER=`root`@`localhost`*/ /*!50003 TRIGGER players_intransferto_club 
AFTER INSERT ON in_transfers 
FOR EACH ROW
BEGIN
	set @p = new.PlayerID;
    set @c = new.ClubID;
    update players
    set players.BelongtoClubID = @c
    where (players.PlayerID = @p) and (players.BelongtoClubID is null);
END */;;
DELIMITER ;
/*!50003 SET sql_mode              = @saved_sql_mode */ ;
/*!50003 SET character_set_client  = @saved_cs_client */ ;
/*!50003 SET character_set_results = @saved_cs_results */ ;
/*!50003 SET collation_connection  = @saved_col_connection */ ;

--
-- Table structure for table `matches`
--

DROP TABLE IF EXISTS `matches`;
/*!40101 SET @saved_cs_client     = @@character_set_client */;
/*!40101 SET character_set_client = utf8 */;
CREATE TABLE `matches` (
  `MatchID` int(11) NOT NULL AUTO_INCREMENT,
  `HomeTeamID` int(11) NOT NULL,
  `AwayTeamID` int(11) NOT NULL,
  `OpenDate` date NOT NULL,
  `RefereeID` int(11) NOT NULL,
  `HomeTeamScore` int(11) DEFAULT '0',
  `AwayTeamScore` int(11) DEFAULT '0',
  PRIMARY KEY (`MatchID`),
  KEY `Referee_FK_idx` (`RefereeID`),
  KEY `MatchHomeTeam_FK` (`HomeTeamID`),
  KEY `MatchAwayTeam_FK_idx` (`AwayTeamID`),
  CONSTRAINT `MatchAwayTeam_FK` FOREIGN KEY (`AwayTeamID`) REFERENCES `footballclub` (`Clubid`) ON DELETE NO ACTION ON UPDATE NO ACTION,
  CONSTRAINT `MatchHomeTeam_FK` FOREIGN KEY (`HomeTeamID`) REFERENCES `footballclub` (`Clubid`) ON DELETE NO ACTION ON UPDATE NO ACTION,
  CONSTRAINT `MatchReferee_FK` FOREIGN KEY (`RefereeID`) REFERENCES `referee` (`RefereeID`) ON DELETE NO ACTION ON UPDATE NO ACTION
) ENGINE=InnoDB AUTO_INCREMENT=162 DEFAULT CHARSET=utf8;
/*!40101 SET character_set_client = @saved_cs_client */;

--
-- Dumping data for table `matches`
--

LOCK TABLES `matches` WRITE;
/*!40000 ALTER TABLE `matches` DISABLE KEYS */;
INSERT INTO `matches` VALUES (1,20,5,'2017-12-09',1,1,0),(2,17,15,'2017-12-09',5,5,1),(3,16,19,'2017-12-09',1,1,0),(4,8,3,'2017-12-09',15,2,0),(5,6,2,'2017-12-09',18,2,2),(6,4,18,'2017-12-09',12,1,0),(7,13,9,'2017-12-09',18,2,3),(8,2,14,'2017-12-03',14,1,1),(9,11,20,'2017-12-03',15,2,1),(10,5,13,'2017-12-02',15,3,1),(11,19,6,'2017-12-02',13,0,0),(12,18,17,'2017-12-02',18,1,1),(13,15,16,'2017-12-02',6,2,1),(14,9,4,'2017-12-02',4,1,0),(15,7,8,'2017-12-02',10,2,0),(16,3,10,'2017-12-02',17,1,5),(17,1,12,'2017-12-02',2,1,3),(18,5,16,'2017-11-29',14,1,0),(19,2,4,'2017-11-29',2,1,2),(20,1,8,'2017-11-29',17,5,0),(21,15,10,'2017-11-29',15,0,3),(22,11,14,'2017-11-29',16,2,1),(23,7,20,'2017-11-29',7,4,0),(24,9,17,'2017-11-28',13,2,1),(25,3,6,'2017-11-28',17,0,0),(26,19,13,'2017-11-28',3,2,2),(27,18,12,'2017-11-28',2,2,4),(28,14,7,'2017-11-26',14,4,1),(29,4,1,'2017-11-26',15,0,1),(30,8,11,'2017-11-26',9,1,2),(31,17,19,'2017-11-25',2,1,1),(32,16,2,'2017-11-25',8,0,0),(33,13,18,'2017-11-25',18,0,3),(34,12,3,'2017-11-25',13,1,0),(35,6,15,'2017-11-25',14,2,1),(36,10,5,'2017-11-25',16,1,1),(37,20,9,'2017-11-24',6,1,1),(38,3,15,'2017-11-20',8,2,2),(39,18,20,'2017-11-19',11,2,0),(40,12,13,'2017-11-18',12,4,1),(41,1,17,'2017-11-18',4,2,0),(42,19,5,'2017-11-18',11,0,4),(43,10,14,'2017-11-18',15,3,0),(44,9,11,'2017-11-18',18,0,2),(45,6,7,'2017-11-18',1,2,2),(46,4,16,'2017-11-18',14,2,0),(47,2,8,'2017-11-18',8,4,0),(48,17,6,'2017-11-05',3,1,0),(49,11,1,'2017-11-05',11,3,1),(50,7,18,'2017-11-05',9,3,2),(51,5,12,'2017-11-05',10,1,0),(52,15,9,'2017-11-04',12,2,2),(53,16,3,'2017-11-04',10,0,1),(54,14,4,'2017-11-04',9,0,1),(55,13,2,'2017-11-04',5,0,1),(56,8,19,'2017-11-04',16,1,0),(57,20,10,'2017-11-04',3,1,4),(58,4,13,'2017-10-30',3,1,0),(59,3,14,'2017-10-29',6,1,1),(60,9,7,'2017-10-29',14,2,0),(61,12,17,'2017-10-28',18,1,0),(62,19,11,'2017-10-28',5,2,3),(63,18,15,'2017-10-28',14,0,1),(64,10,8,'2017-10-28',1,3,0),(65,6,20,'2017-10-28',3,2,2),(66,1,16,'2017-10-28',15,2,1),(67,2,5,'2017-10-28',2,0,1),(68,7,1,'2017-10-22',12,2,5),(69,17,10,'2017-10-22',11,4,1),(70,5,18,'2017-10-21',12,4,2),(71,16,9,'2017-10-21',7,1,2),(72,15,2,'2017-10-21',7,1,2),(73,13,6,'2017-10-21',18,1,0),(74,11,4,'2017-10-21',15,3,0),(75,8,12,'2017-10-21',4,2,1),(76,14,19,'2017-10-21',18,1,0),(77,20,3,'2017-10-20',4,0,3),(78,9,19,'2017-10-16',17,1,1),(79,3,7,'2017-10-15',12,1,1),(80,14,13,'2017-10-15',12,2,2),(81,10,12,'2017-10-14',16,0,0),(82,17,2,'2017-10-14',13,1,0),(83,16,8,'2017-10-14',15,2,0),(84,11,15,'2017-10-14',1,7,2),(85,6,5,'2017-10-14',17,2,1),(86,4,20,'2017-10-14',9,1,1),(87,18,1,'2017-10-14',6,2,1),(88,1,3,'2017-10-01',5,2,0),(89,7,4,'2017-10-01',16,0,1),(90,13,10,'2017-10-01',1,1,1),(91,8,17,'2017-09-30',15,0,4),(92,20,16,'2017-09-30',18,1,0),(93,19,18,'2017-09-30',8,2,2),(94,15,14,'2017-09-30',3,2,1),(95,12,6,'2017-09-30',10,4,0),(96,2,9,'2017-09-30',4,0,0),(97,5,11,'2017-09-30',3,0,1),(98,1,19,'2017-09-25',13,2,0),(99,3,13,'2017-09-24',10,1,0),(100,20,17,'2017-09-23',12,2,3),(101,16,18,'2017-09-23',4,1,2),(102,15,5,'2017-09-23',12,0,4),(103,14,12,'2017-09-23',2,0,1),(104,11,6,'2017-09-23',12,5,0),(105,7,2,'2017-09-23',16,2,1),(106,4,8,'2017-09-23',13,0,0),(107,9,10,'2017-09-23',13,2,3),(108,5,1,'2017-09-17',17,0,0),(109,12,7,'2017-09-17',13,4,0),(110,6,14,'2017-09-16',16,0,1),(111,19,20,'2017-09-16',1,0,0),(112,18,11,'2017-09-16',18,0,6),(113,13,15,'2017-09-16',18,2,1),(114,10,4,'2017-09-16',15,1,1),(115,8,9,'2017-09-16',17,1,1),(116,17,16,'2017-09-16',2,0,0),(117,2,3,'2017-09-15',9,2,1),(118,20,8,'2017-09-11',7,2,0),(119,4,6,'2017-09-10',4,1,0),(120,16,13,'2017-09-10',12,0,1),(121,11,10,'2017-09-09',5,5,0),(122,14,18,'2017-09-09',11,0,2),(123,9,5,'2017-09-09',6,1,2),(124,7,17,'2017-09-09',15,0,3),(125,3,19,'2017-09-09',5,3,1),(126,1,2,'2017-09-09',14,3,0),(127,15,12,'2017-09-09',9,2,2),(128,19,15,'2017-08-27',13,1,1),(129,5,7,'2017-08-27',8,2,0),(130,17,4,'2017-08-27',7,1,1),(131,10,1,'2017-08-27',16,4,0),(132,2,11,'2017-08-26',9,1,2),(133,18,3,'2017-08-26',9,0,0),(134,13,20,'2017-08-26',5,3,0),(135,8,14,'2017-08-26',4,0,0),(136,6,16,'2017-08-26',6,0,2),(137,12,9,'2017-08-26',3,2,0),(138,11,7,'2017-08-21',7,1,1),(139,8,13,'2017-08-20',14,1,0),(140,17,5,'2017-08-20',1,1,2),(141,16,12,'2017-08-19',14,0,4),(142,14,20,'2017-08-19',12,3,2),(143,10,6,'2017-08-19',3,1,0),(144,9,3,'2017-08-19',10,2,0),(145,4,19,'2017-08-19',7,0,1),(146,2,18,'2017-08-19',6,0,2),(147,15,1,'2017-08-19',16,1,0),(148,13,17,'2017-08-13',2,0,2),(149,12,20,'2017-08-13',2,4,0),(150,18,10,'2017-08-12',12,3,3),(151,19,2,'2017-08-12',12,1,0),(152,14,16,'2017-08-12',16,0,0),(153,7,15,'2017-08-12',4,1,0),(154,6,8,'2017-08-12',5,0,3),(155,5,4,'2017-08-12',8,2,3),(156,3,11,'2017-08-12',7,0,2),(157,1,9,'2017-08-11',15,4,3);
/*!40000 ALTER TABLE `matches` ENABLE KEYS */;
UNLOCK TABLES;
/*!50003 SET @saved_cs_client      = @@character_set_client */ ;
/*!50003 SET @saved_cs_results     = @@character_set_results */ ;
/*!50003 SET @saved_col_connection = @@collation_connection */ ;
/*!50003 SET character_set_client  = utf8 */ ;
/*!50003 SET character_set_results = utf8 */ ;
/*!50003 SET collation_connection  = utf8_general_ci */ ;
/*!50003 SET @saved_sql_mode       = @@sql_mode */ ;
/*!50003 SET sql_mode              = 'STRICT_TRANS_TABLES,NO_AUTO_CREATE_USER,NO_ENGINE_SUBSTITUTION' */ ;
DELIMITER ;;
/*!50003 CREATE*/ /*!50017 DEFINER=`root`@`localhost`*/ /*!50003 trigger StandingRenew_aftermatchinsert
	AFTER INSERT ON matches 
    FOR EACH ROW
BEGIN
	set @home = NEW.HometeamID;
    set @away = NEW.AwayteamID;
	update final.premierleaguestandings
    set MatchPlays = MatchPlays + 1,
		Draws = Draws + 1,
        Points = Points + 1        
		where (@home = premierleaguestandings.ClubID) or (@away = premierleaguestandings.ClubID);
END */;;
DELIMITER ;
/*!50003 SET sql_mode              = @saved_sql_mode */ ;
/*!50003 SET character_set_client  = @saved_cs_client */ ;
/*!50003 SET character_set_results = @saved_cs_results */ ;
/*!50003 SET collation_connection  = @saved_col_connection */ ;
/*!50003 SET @saved_cs_client      = @@character_set_client */ ;
/*!50003 SET @saved_cs_results     = @@character_set_results */ ;
/*!50003 SET @saved_col_connection = @@collation_connection */ ;
/*!50003 SET character_set_client  = utf8 */ ;
/*!50003 SET character_set_results = utf8 */ ;
/*!50003 SET collation_connection  = utf8_general_ci */ ;
/*!50003 SET @saved_sql_mode       = @@sql_mode */ ;
/*!50003 SET sql_mode              = 'STRICT_TRANS_TABLES,NO_AUTO_CREATE_USER,NO_ENGINE_SUBSTITUTION' */ ;
DELIMITER ;;
/*!50003 CREATE*/ /*!50017 DEFINER=`root`@`localhost`*/ /*!50003 trigger standing_matchevent_trigger
after update on matches
for each row
begin
	set @hn = new.HomeTeamScore;
    set @ho = old.HomeTeamScore;
    set @an = new.AwayTeamScore;
    set @ao = old.AwayTeamScore;
    set @homet = old.HomeTeamID;
    set @awayt = old.AwayTeamID;
    
    #ht scores
    update premierleaguestandings
    set GoalFor = GoalFor + 1,
		GoalDifference = GoalDifference + 1
    where (@hn > @ho) and (ClubID = @homet);
    
	update premierleaguestandings
    set GoalAgainst = GoalAgainst + 1,
		GoalDifference = GoalDifference - 1
    where (@hn > @ho) and (ClubID = @awayt);
    
    #at scores
	update premierleaguestandings
    set GoalFor = GoalFor + 1,
		GoalDifference = GoalDifference + 1
    where (@an > @ao) and (ClubID = @awayt);
    
    update premierleaguestandings
    set GoalAgainst = GoalAgainst + 1,
		GoalDifference = GoalDifference - 1
    where (@an > @ao) and (ClubID = @homet);

	#ht scored, tied at
	update premierleaguestandings
    set Loses = Loses - 1,
		Draws = Draws + 1,
        Points = Points + 1
    where (@hn > @ho) and (@hn = @an) and (ClubID = @homet);
    
	update premierleaguestandings
    set Wins = Wins - 1,
		Draws = Draws + 1,
        Points = Points - 2
    where (@hn > @ho) and (@hn = @an) and (ClubID = @awayt);
    
    #ht scored, surpassed at
	update premierleaguestandings
    set Wins = Wins + 1,
		Draws = Draws - 1,
        Points = Points + 2
    where (@hn > @ho) and (@ho = @ao) and (ClubID = @homet);
    
	update premierleaguestandings
    set Loses = Loses + 1,
		Draws = Draws - 1,
        Points = Points - 1
    where (@hn > @ho) and (@ho = @ao) and (ClubID = @awayt);
    
    #at scored, tied ht
	update premierleaguestandings
    set Wins = Wins - 1,
		Draws = Draws + 1,
        Points = Points - 2
    where (@hn = @ho) and (@hn = @an) and (ClubID = @homet);
    
	update premierleaguestandings
    set Loses = Loses - 1,
		Draws = Draws + 1,
        Points = Points + 1
    where (@hn = @ho) and (@hn = @an) and (ClubID = @awayt);
    
    #at scored, surpassed ht
	update premierleaguestandings
    set Loses = Loses + 1,
		Draws = Draws - 1,
        Points = Points - 1
    where (@hn = @ho) and (@ho = @ao) and (ClubID = @homet);
	
	update premierleaguestandings
    set Wins = Wins + 1,
		Draws = Draws - 1,
        Points = Points + 2
    where (@hn = @ho) and (@ho = @ao) and (ClubID = @awayt);
    
END */;;
DELIMITER ;
/*!50003 SET sql_mode              = @saved_sql_mode */ ;
/*!50003 SET character_set_client  = @saved_cs_client */ ;
/*!50003 SET character_set_results = @saved_cs_results */ ;
/*!50003 SET collation_connection  = @saved_col_connection */ ;

--
-- Table structure for table `matchevents`
--

DROP TABLE IF EXISTS `matchevents`;
/*!40101 SET @saved_cs_client     = @@character_set_client */;
/*!40101 SET character_set_client = utf8 */;
CREATE TABLE `matchevents` (
  `Match_ID` int(11) NOT NULL,
  `PlayerID` int(11) NOT NULL,
  `Minute` int(11) NOT NULL,
  `Event` enum('Goal','Red Card','Yellow Card','Substitude','is replaced') NOT NULL,
  KEY `PlayerID_FK_idx` (`PlayerID`),
  KEY `EventMatchID_FK_idx` (`Match_ID`),
  CONSTRAINT `EventMatchID_FK` FOREIGN KEY (`Match_ID`) REFERENCES `matches` (`MatchID`) ON DELETE NO ACTION ON UPDATE NO ACTION,
  CONSTRAINT `EventPlayerID_FK` FOREIGN KEY (`PlayerID`) REFERENCES `players` (`PlayerID`) ON DELETE NO ACTION ON UPDATE NO ACTION
) ENGINE=InnoDB DEFAULT CHARSET=utf8;
/*!40101 SET character_set_client = @saved_cs_client */;

--
-- Dumping data for table `matchevents`
--

LOCK TABLES `matchevents` WRITE;
/*!40000 ALTER TABLE `matchevents` DISABLE KEYS */;
INSERT INTO `matchevents` VALUES (1,798,23,'Goal'),(2,719,39,'Goal'),(2,715,67,'Goal'),(2,718,68,'Goal'),(2,715,79,'Goal'),(2,714,21,'Goal'),(2,631,75,'Goal'),(3,662,58,'Goal'),(4,453,25,'Goal'),(4,436,75,'Goal'),(5,389,72,'Goal'),(5,384,88,'Goal'),(5,276,64,'Goal'),(5,282,80,'Goal'),(6,342,65,'Goal'),(7,592,16,'Goal'),(7,581,75,'Goal'),(7,463,83,'Goal'),(7,484,45,'Goal'),(7,476,88,'Goal'),(8,281,16,'Goal'),(8,594,56,'Goal'),(9,536,30,'Goal'),(9,539,84,'Goal'),(9,784,52,'Goal'),(10,372,7,'Goal'),(10,350,11,'Goal'),(10,349,69,'Goal'),(10,571,52,'Goal'),(12,726,67,'Goal'),(12,719,78,'Goal'),(13,641,53,'Goal'),(13,632,12,'Goal'),(13,661,63,'Goal'),(14,480,73,'Goal'),(15,414,34,'Goal'),(15,411,13,'Goal'),(16,299,84,'Goal'),(16,502,30,'Goal'),(16,487,50,'Goal'),(16,488,38,'Goal'),(16,501,24,'Goal'),(16,513,16,'Goal'),(17,229,18,'Goal'),(17,547,81,'Goal'),(17,558,19,'Goal'),(17,560,32,'Goal'),(18,362,17,'Goal'),(19,270,68,'Goal'),(19,324,46,'Goal'),(19,346,55,'Goal'),(20,265,22,'Goal'),(20,235,38,'Goal'),(20,254,39,'Goal'),(20,229,13,'Goal'),(20,229,21,'Goal'),(21,491,21,'Goal'),(21,507,60,'Goal'),(21,502,80,'Goal'),(22,532,83,'Goal'),(22,532,63,'Goal'),(22,610,29,'Goal'),(23,413,53,'Goal'),(23,413,61,'Goal'),(23,413,9,'Goal'),(23,409,29,'Goal'),(24,484,2,'Goal'),(24,463,18,'Goal'),(24,703,26,'Goal'),(26,757,38,'Goal'),(26,767,56,'Goal'),(26,589,29,'Goal'),(26,576,48,'Goal'),(27,732,15,'Goal'),(27,733,24,'Goal'),(27,561,13,'Goal'),(27,558,83,'Goal'),(27,563,2,'Goal'),(27,553,29,'Goal'),(28,594,54,'Goal'),(28,613,84,'Goal'),(28,613,15,'Goal'),(28,623,23,'Goal'),(28,410,26,'Goal'),(29,242,48,'Goal'),(30,439,26,'Goal'),(30,538,57,'Goal'),(30,538,80,'Goal'),(31,702,28,'Goal'),(31,773,90,'Goal'),(33,735,28,'Goal'),(33,740,67,'Goal'),(33,749,12,'Goal'),(34,548,35,'Goal'),(35,385,9,'Goal'),(35,379,64,'Goal'),(35,640,88,'Goal'),(36,487,41,'Goal'),(36,361,39,'Goal'),(37,788,55,'Goal'),(37,471,68,'Goal'),(38,297,26,'Goal'),(38,312,56,'Goal'),(38,644,16,'Goal'),(38,638,89,'Goal'),(39,744,62,'Goal'),(39,747,33,'Goal'),(40,552,4,'Goal'),(40,547,23,'Goal'),(40,545,12,'Goal'),(40,559,13,'Goal'),(40,573,85,'Goal'),(41,240,23,'Goal'),(41,233,71,'Goal'),(42,352,36,'Goal'),(42,361,80,'Goal'),(42,368,73,'Goal'),(42,361,7,'Goal'),(43,489,10,'Goal'),(43,512,52,'Goal'),(43,489,57,'Goal'),(44,539,36,'Goal'),(44,539,42,'Goal'),(45,395,89,'Goal'),(45,396,37,'Goal'),(45,408,70,'Goal'),(45,426,59,'Goal'),(46,323,81,'Goal'),(46,323,71,'Goal'),(47,289,33,'Goal'),(47,295,73,'Goal'),(47,272,4,'Goal'),(47,281,89,'Goal'),(48,721,83,'Goal'),(49,528,69,'Goal'),(49,534,87,'Goal'),(49,536,62,'Goal'),(49,268,43,'Goal'),(50,431,62,'Goal'),(50,420,19,'Goal'),(50,416,55,'Goal'),(50,744,24,'Goal'),(50,734,33,'Goal'),(51,366,8,'Goal'),(52,635,44,'Goal'),(52,630,50,'Goal'),(52,482,71,'Goal'),(52,466,69,'Goal'),(53,320,46,'Goal'),(54,342,63,'Goal'),(55,287,70,'Goal'),(56,445,26,'Goal'),(57,795,1,'Goal'),(57,512,29,'Goal'),(57,495,12,'Goal'),(57,495,21,'Goal'),(57,515,47,'Goal'),(58,323,8,'Goal'),(59,319,29,'Goal'),(59,608,49,'Goal'),(60,467,42,'Goal'),(60,482,38,'Goal'),(61,547,34,'Goal'),(62,772,11,'Goal'),(62,754,28,'Goal'),(62,533,61,'Goal'),(62,525,61,'Goal'),(62,531,17,'Goal'),(63,631,17,'Goal'),(64,496,44,'Goal'),(64,494,35,'Goal'),(64,510,30,'Goal'),(65,395,42,'Goal'),(65,400,41,'Goal'),(65,798,17,'Goal'),(65,787,65,'Goal'),(66,231,32,'Goal'),(66,257,35,'Goal'),(66,662,27,'Goal'),(67,354,49,'Goal'),(68,416,59,'Goal'),(68,418,29,'Goal'),(68,228,46,'Goal'),(68,258,12,'Goal'),(68,228,70,'Goal'),(68,258,14,'Goal'),(68,231,1,'Goal'),(69,702,53,'Goal'),(69,711,6,'Goal'),(69,701,19,'Goal'),(69,702,54,'Goal'),(69,511,31,'Goal'),(70,355,22,'Goal'),(70,354,7,'Goal'),(70,361,31,'Goal'),(70,364,68,'Goal'),(70,748,10,'Goal'),(70,728,48,'Goal'),(71,660,19,'Goal'),(71,482,36,'Goal'),(71,460,3,'Goal'),(72,629,23,'Goal'),(72,271,34,'Goal'),(72,290,40,'Goal'),(73,585,34,'Goal'),(74,522,20,'Goal'),(74,520,42,'Goal'),(74,520,24,'Goal'),(75,438,70,'Goal'),(75,440,20,'Goal'),(75,561,22,'Goal'),(76,610,58,'Goal'),(77,309,9,'Goal'),(77,321,22,'Goal'),(77,315,16,'Goal'),(78,471,52,'Goal'),(78,761,23,'Goal'),(79,322,65,'Goal'),(79,413,71,'Goal'),(80,611,87,'Goal'),(80,604,83,'Goal'),(80,578,54,'Goal'),(80,578,2,'Goal'),(82,715,11,'Goal'),(83,671,40,'Goal'),(83,670,38,'Goal'),(84,518,7,'Goal'),(84,535,50,'Goal'),(84,531,16,'Goal'),(84,528,27,'Goal'),(84,535,11,'Goal'),(84,521,50,'Goal'),(84,528,56,'Goal'),(84,634,65,'Goal'),(84,639,12,'Goal'),(85,396,69,'Goal'),(85,378,42,'Goal'),(85,357,54,'Goal'),(86,334,2,'Goal'),(86,796,65,'Goal'),(87,742,70,'Goal'),(87,741,25,'Goal'),(87,265,37,'Goal'),(88,229,19,'Goal'),(88,269,3,'Goal'),(89,347,59,'Goal'),(90,576,46,'Goal'),(90,504,87,'Goal'),(91,722,62,'Goal'),(91,713,65,'Goal'),(91,714,69,'Goal'),(91,699,6,'Goal'),(92,776,5,'Goal'),(93,764,33,'Goal'),(93,761,67,'Goal'),(93,735,28,'Goal'),(93,725,8,'Goal'),(94,640,35,'Goal'),(94,640,25,'Goal'),(94,597,8,'Goal'),(95,543,20,'Goal'),(95,563,22,'Goal'),(95,556,81,'Goal'),(95,548,68,'Goal'),(97,525,5,'Goal'),(98,240,2,'Goal'),(98,240,19,'Goal'),(99,302,30,'Goal'),(100,783,39,'Goal'),(100,776,47,'Goal'),(100,707,63,'Goal'),(100,715,43,'Goal'),(100,718,47,'Goal'),(101,673,26,'Goal'),(101,750,3,'Goal'),(101,728,5,'Goal'),(102,361,17,'Goal'),(102,369,47,'Goal'),(102,371,33,'Goal'),(102,362,45,'Goal'),(103,543,54,'Goal'),(104,525,54,'Goal'),(104,533,24,'Goal'),(104,533,77,'Goal'),(104,519,5,'Goal'),(104,539,39,'Goal'),(105,409,4,'Goal'),(105,411,64,'Goal'),(105,288,39,'Goal'),(107,476,66,'Goal'),(107,469,38,'Goal'),(107,497,38,'Goal'),(107,504,55,'Goal'),(107,512,79,'Goal'),(109,552,80,'Goal'),(109,558,63,'Goal'),(109,559,39,'Goal'),(109,552,40,'Goal'),(110,595,1,'Goal'),(112,536,31,'Goal'),(112,526,60,'Goal'),(112,520,34,'Goal'),(112,531,41,'Goal'),(112,531,16,'Goal'),(112,526,58,'Goal'),(113,584,2,'Goal'),(113,575,75,'Goal'),(113,637,12,'Goal'),(114,498,71,'Goal'),(114,347,58,'Goal'),(115,435,83,'Goal'),(115,475,84,'Goal'),(117,278,8,'Goal'),(117,293,60,'Goal'),(117,310,29,'Goal'),(118,794,64,'Goal'),(118,782,16,'Goal'),(119,325,38,'Goal'),(120,586,89,'Goal'),(121,523,32,'Goal'),(121,527,3,'Goal'),(121,530,36,'Goal'),(121,524,76,'Goal'),(121,524,8,'Goal'),(122,746,21,'Goal'),(122,740,76,'Goal'),(123,459,77,'Goal'),(123,361,42,'Goal'),(123,365,73,'Goal'),(124,700,12,'Goal'),(124,716,41,'Goal'),(124,701,7,'Goal'),(125,308,42,'Goal'),(125,310,19,'Goal'),(125,305,84,'Goal'),(125,756,55,'Goal'),(126,254,21,'Goal'),(126,233,10,'Goal'),(126,258,30,'Goal'),(127,646,75,'Goal'),(127,626,1,'Goal'),(127,544,71,'Goal'),(127,558,52,'Goal'),(128,768,49,'Goal'),(128,644,28,'Goal'),(129,348,65,'Goal'),(129,359,56,'Goal'),(130,704,41,'Goal'),(130,343,30,'Goal'),(131,490,84,'Goal'),(131,491,48,'Goal'),(131,487,73,'Goal'),(131,515,49,'Goal'),(132,293,46,'Goal'),(132,536,2,'Goal'),(132,536,90,'Goal'),(134,571,69,'Goal'),(134,580,75,'Goal'),(134,592,74,'Goal'),(136,665,15,'Goal'),(136,652,42,'Goal'),(137,540,46,'Goal'),(137,550,7,'Goal'),(138,521,17,'Goal'),(138,417,29,'Goal'),(139,434,51,'Goal'),(140,706,44,'Goal'),(140,367,83,'Goal'),(140,365,26,'Goal'),(141,557,10,'Goal'),(141,557,75,'Goal'),(141,556,37,'Goal'),(141,557,20,'Goal'),(142,623,25,'Goal'),(142,610,84,'Goal'),(142,604,1,'Goal'),(142,790,1,'Goal'),(142,786,23,'Goal'),(143,507,15,'Goal'),(144,465,50,'Goal'),(144,466,67,'Goal'),(145,774,87,'Goal'),(146,734,70,'Goal'),(146,734,33,'Goal'),(147,646,31,'Goal'),(148,720,8,'Goal'),(148,719,79,'Goal'),(149,556,9,'Goal'),(149,562,73,'Goal'),(149,560,34,'Goal'),(149,562,86,'Goal'),(150,743,79,'Goal'),(150,749,14,'Goal'),(150,743,13,'Goal'),(150,486,61,'Goal'),(150,495,9,'Goal'),(150,514,56,'Goal'),(151,763,8,'Goal'),(153,423,1,'Goal'),(154,453,43,'Goal'),(154,444,60,'Goal'),(154,445,9,'Goal'),(155,362,30,'Goal'),(155,364,61,'Goal'),(155,343,44,'Goal'),(155,338,55,'Goal'),(155,343,67,'Goal'),(156,517,19,'Goal'),(156,532,72,'Goal'),(157,238,9,'Goal'),(157,235,6,'Goal'),(157,235,66,'Goal'),(157,231,8,'Goal'),(157,464,24,'Goal'),(157,464,47,'Goal'),(157,467,25,'Goal');
/*!40000 ALTER TABLE `matchevents` ENABLE KEYS */;
UNLOCK TABLES;
/*!50003 SET @saved_cs_client      = @@character_set_client */ ;
/*!50003 SET @saved_cs_results     = @@character_set_results */ ;
/*!50003 SET @saved_col_connection = @@collation_connection */ ;
/*!50003 SET character_set_client  = utf8 */ ;
/*!50003 SET character_set_results = utf8 */ ;
/*!50003 SET collation_connection  = utf8_general_ci */ ;
/*!50003 SET @saved_sql_mode       = @@sql_mode */ ;
/*!50003 SET sql_mode              = 'STRICT_TRANS_TABLES,NO_AUTO_CREATE_USER,NO_ENGINE_SUBSTITUTION' */ ;
DELIMITER ;;
/*!50003 CREATE*/ /*!50017 DEFINER=`root`@`localhost`*/ /*!50003 trigger matchevent_trigger
after insert on matchevents
for each row
begin
	set @m = new.Match_ID;
    set @p = new.PlayerID;    
    set @eve = new.Event;
    update matches
    set HomeTeamScore = HomeTeamScore + 1
    where (@eve = 'Goal') and (matches.MatchID = @m) and (@p = (select players.PlayerID from players where (players.PlayerID = @p) and (players.BelongtoClubID = matches.HomeTeamID)));
    update matches
    set AwayTeamScore = AwayTeamScore + 1
    where (@eve = 'Goal') and (matches.MatchID = @m) and (@p = (select players.PlayerID from players where (players.PlayerID = @p) and (players.BelongtoClubID = matches.AwayTeamID)));
END */;;
DELIMITER ;
/*!50003 SET sql_mode              = @saved_sql_mode */ ;
/*!50003 SET character_set_client  = @saved_cs_client */ ;
/*!50003 SET character_set_results = @saved_cs_results */ ;
/*!50003 SET collation_connection  = @saved_col_connection */ ;

--
-- Table structure for table `nationality`
--

DROP TABLE IF EXISTS `nationality`;
/*!40101 SET @saved_cs_client     = @@character_set_client */;
/*!40101 SET character_set_client = utf8 */;
CREATE TABLE `nationality` (
  `nationalityID` int(11) NOT NULL AUTO_INCREMENT,
  `nationality` varchar(45) NOT NULL,
  PRIMARY KEY (`nationalityID`),
  UNIQUE KEY `nationalityID_UNIQUE` (`nationalityID`)
) ENGINE=InnoDB AUTO_INCREMENT=67 DEFAULT CHARSET=utf8;
/*!40101 SET character_set_client = @saved_cs_client */;

--
-- Dumping data for table `nationality`
--

LOCK TABLES `nationality` WRITE;
/*!40000 ALTER TABLE `nationality` DISABLE KEYS */;
INSERT INTO `nationality` VALUES (1,'England'),(2,'France'),(3,'Ireland'),(4,'Italy'),(5,'Netherlands'),(6,'Germany'),(7,'Spain'),(8,'Portugal'),(9,'Argentina'),(10,'Wales'),(11,'Scotland'),(12,'Croatia'),(13,'Bosnia And Herzegovina'),(14,'Colombia'),(15,'Czech Republic'),(16,'Nigeria'),(17,'Switzerland'),(18,'Egypt'),(19,'Chile'),(20,'Romania'),(21,'Poland'),(22,'Democratic Republic of the Congo'),(23,'Australia'),(24,'Norway'),(25,'UnitedStates'),(26,'Cameroon'),(27,'Israel'),(28,'Finland'),(29,'Austria'),(30,'New Zealand'),(31,'Belgium'),(32,'Iceland'),(33,'Bermuda'),(34,'Denmark'),(35,'Canada'),(36,'Brazil'),(37,'Serbia'),(38,'Ivory Coast'),(39,'South Korea'),(40,'Ghana'),(41,'Senegal'),(42,'Mali'),(43,'Curaçao'),(44,'Morocco'),(45,'Benin'),(46,'Slovenia'),(47,'Jamaica'),(48,'Algeria'),(49,'Japan'),(50,'Tunisia'),(51,'Estonia'),(52,'Hungary'),(53,'Ukraine'),(54,'Sweden'),(55,'Armenia'),(56,'Ecuador'),(57,'Northern Ireland'),(58,'Gabon'),(59,'Kenya'),(60,'Uruguay'),(61,'Greece'),(62,'Peru'),(63,'Venezuela'),(64,'Mexico'),(65,'Montenegro'),(66,'China');
/*!40000 ALTER TABLE `nationality` ENABLE KEYS */;
UNLOCK TABLES;

--
-- Table structure for table `out_transfers`
--

DROP TABLE IF EXISTS `out_transfers`;
/*!40101 SET @saved_cs_client     = @@character_set_client */;
/*!40101 SET character_set_client = utf8 */;
CREATE TABLE `out_transfers` (
  `Out_TransferID` int(11) NOT NULL AUTO_INCREMENT,
  `PlayerID` int(11) NOT NULL,
  `ClubID` int(11) NOT NULL,
  `TransferDate` date NOT NULL,
  `TransferAmount` double DEFAULT NULL,
  `Currency` varchar(45) DEFAULT NULL,
  `Description` enum('Free','Loan','Undisclosed','Released') DEFAULT NULL,
  PRIMARY KEY (`Out_TransferID`),
  UNIQUE KEY `Out_TransferID_UNIQUE` (`Out_TransferID`),
  KEY `PlayerID_FK_idx` (`PlayerID`),
  KEY `Club_FK_idx` (`ClubID`),
  CONSTRAINT `OutTransClubID_FK` FOREIGN KEY (`ClubID`) REFERENCES `footballclub` (`Clubid`) ON DELETE NO ACTION ON UPDATE NO ACTION,
  CONSTRAINT `OutTransPlayerID_FK` FOREIGN KEY (`PlayerID`) REFERENCES `players` (`PlayerID`) ON DELETE NO ACTION ON UPDATE NO ACTION
) ENGINE=InnoDB AUTO_INCREMENT=2 DEFAULT CHARSET=utf8;
/*!40101 SET character_set_client = @saved_cs_client */;

--
-- Dumping data for table `out_transfers`
--

LOCK TABLES `out_transfers` WRITE;
/*!40000 ALTER TABLE `out_transfers` DISABLE KEYS */;
/*!40000 ALTER TABLE `out_transfers` ENABLE KEYS */;
UNLOCK TABLES;
/*!50003 SET @saved_cs_client      = @@character_set_client */ ;
/*!50003 SET @saved_cs_results     = @@character_set_results */ ;
/*!50003 SET @saved_col_connection = @@collation_connection */ ;
/*!50003 SET character_set_client  = utf8 */ ;
/*!50003 SET character_set_results = utf8 */ ;
/*!50003 SET collation_connection  = utf8_general_ci */ ;
/*!50003 SET @saved_sql_mode       = @@sql_mode */ ;
/*!50003 SET sql_mode              = 'STRICT_TRANS_TABLES,NO_AUTO_CREATE_USER,NO_ENGINE_SUBSTITUTION' */ ;
DELIMITER ;;
/*!50003 CREATE*/ /*!50017 DEFINER=`root`@`localhost`*/ /*!50003 TRIGGER players_outtransferfrom_club 
AFTER INSERT ON out_transfers 
FOR EACH ROW
BEGIN
	set @p = new.PlayerID;
    set @c = new.ClubID;
    update players
    set players.BelongtoClubID = null,
		players.SquadNumber = null
    where (players.PlayerID = @p) and (players.BelongtoClubID=@c);
END */;;
DELIMITER ;
/*!50003 SET sql_mode              = @saved_sql_mode */ ;
/*!50003 SET character_set_client  = @saved_cs_client */ ;
/*!50003 SET character_set_results = @saved_cs_results */ ;
/*!50003 SET collation_connection  = @saved_col_connection */ ;

--
-- Table structure for table `playerposition`
--

DROP TABLE IF EXISTS `playerposition`;
/*!40101 SET @saved_cs_client     = @@character_set_client */;
/*!40101 SET character_set_client = utf8 */;
CREATE TABLE `playerposition` (
  `PlayerID` int(11) NOT NULL,
  `PositionID` int(11) NOT NULL,
  KEY `PlayerID_FK_idx` (`PlayerID`),
  KEY `PlayerPositionID_FK_idx` (`PositionID`),
  CONSTRAINT `PlayerPositionID_FK` FOREIGN KEY (`PositionID`) REFERENCES `positions` (`positionID`) ON DELETE NO ACTION ON UPDATE NO ACTION,
  CONSTRAINT `PositionPlayerID_FK` FOREIGN KEY (`PlayerID`) REFERENCES `players` (`PlayerID`) ON DELETE NO ACTION ON UPDATE NO ACTION
) ENGINE=InnoDB DEFAULT CHARSET=utf8;
/*!40101 SET character_set_client = @saved_cs_client */;

--
-- Dumping data for table `playerposition`
--

LOCK TABLES `playerposition` WRITE;
/*!40000 ALTER TABLE `playerposition` DISABLE KEYS */;
INSERT INTO `playerposition` VALUES (227,2),(228,2),(229,2),(229,3),(230,4),(231,3),(231,4),(232,4),(232,3),(233,3),(234,3),(235,4),(235,3),(236,1),(237,4),(238,2),(238,3),(239,4),(240,2),(241,3),(241,4),(242,2),(254,2),(255,3),(255,4),(256,4),(257,2),(258,3),(258,4),(259,3),(259,4),(265,2),(266,4),(267,1),(268,3),(269,3),(270,1),(271,2),(272,2),(272,3),(273,3),(274,2),(275,3),(276,3),(277,3),(278,4),(278,3),(279,2),(280,1),(281,4),(282,2),(282,3),(283,2),(283,3),(284,3),(285,4),(285,3),(286,4),(287,3),(288,3),(289,3),(290,3),(291,2),(292,1),(293,2),(294,4),(295,1),(296,3),(297,1),(298,2),(299,2),(300,2),(301,2),(302,3),(302,4),(303,3),(304,3),(305,4),(306,4),(306,3),(307,3),(308,1),(309,3),(310,3),(311,3),(312,4),(313,2),(314,4),(315,3),(316,2),(317,2),(318,2),(318,3),(319,3),(320,1),(321,2),(322,4),(322,3),(323,1),(324,2),(325,2),(326,3),(327,2),(328,2),(329,3),(330,4),(331,4),(331,3),(332,4),(333,3),(333,4),(334,3),(334,4),(335,3),(336,3),(337,3),(338,4),(339,3),(340,4),(341,1),(342,2),(343,2),(343,3),(344,2),(345,1),(346,1),(347,3),(347,2),(348,1),(349,2),(350,2),(350,3),(351,3),(352,3),(353,3),(354,4),(354,3),(355,3),(356,3),(357,1),(358,3),(359,3),(360,3),(361,3),(362,2),(363,3),(364,4),(364,3),(365,2),(366,2),(367,2),(367,3),(368,2),(369,2),(370,3),(371,3),(372,2),(373,1),(374,2),(375,2),(375,3),(376,3),(376,2),(377,2),(378,2),(379,3),(380,3),(381,3),(381,4),(382,3),(383,2),(384,1),(385,3),(385,2),(386,3),(386,4),(387,4),(388,3),(389,4),(389,3),(390,4),(391,3),(392,2),(393,2),(393,3),(394,3),(395,3),(396,2),(397,3),(398,1),(399,4),(399,3),(400,2),(401,3),(402,3),(402,2),(403,1),(404,3),(404,4),(405,2),(406,2),(407,2),(408,2),(408,3),(409,4),(410,3),(411,4),(412,4),(413,4),(414,3),(414,2),(415,2),(416,3),(416,2),(417,3),(418,3),(419,4),(420,3),(421,3),(422,1),(423,2),(424,2),(425,3),(425,4),(426,4),(427,4),(428,2),(429,4),(429,3),(430,1),(431,2),(432,3),(433,1),(434,2),(435,2),(436,3),(437,3),(438,3),(439,4),(440,3),(441,3),(442,1),(443,2),(444,2),(445,3),(446,3),(447,4),(448,3),(448,2),(449,4),(449,3),(450,4),(451,2),(451,3),(452,2),(453,2),(454,1),(455,2),(456,2),(457,3),(458,1),(459,2),(460,2),(461,2),(462,2),(463,3),(464,4),(464,3),(465,4),(466,3),(466,4),(467,3),(468,1),(469,4),(469,3),(470,2),(470,3),(471,2),(472,1),(473,3),(473,4),(474,4),(475,4),(475,3),(476,3),(476,2),(477,3),(477,4),(478,4),(479,3),(480,3),(481,2),(482,2),(483,2),(484,3),(485,1),(486,2),(487,3),(488,2),(489,3),(490,4),(491,3),(492,4),(493,2),(494,3),(495,4),(495,3),(496,3),(497,2),(498,2),(499,4),(500,3),(501,3),(502,1),(503,3),(504,2),(505,4),(505,3),(506,4),(507,2),(508,1),(509,2),(510,3),(511,1),(512,3),(512,4),(513,4),(513,3),(514,3),(515,2),(516,1),(517,2),(518,2),(519,2),(520,2),(521,3),(522,3),(522,4),(523,4),(523,3),(524,2),(525,3),(525,2),(526,3),(527,3),(528,3),(529,3),(530,2),(531,2),(531,3),(532,3),(533,2),(534,1),(535,4),(536,3),(537,3),(538,3),(539,3),(540,1),(541,2),(542,2),(543,2),(544,2),(545,3),(546,3),(547,4),(548,4),(549,4),(549,3),(550,2),(551,3),(552,3),(552,4),(553,2),(554,3),(555,4),(555,3),(556,1),(557,3),(558,3),(558,2),(559,2),(560,2),(561,3),(562,3),(563,2),(564,2),(565,3),(566,1),(567,1),(568,2),(569,2),(570,3),(571,2),(572,4),(572,3),(573,3),(573,4),(574,4),(575,3),(575,2),(576,3),(577,3),(578,3),(578,4),(579,4),(580,2),(580,3),(581,2),(582,2),(583,2),(584,3),(585,3),(586,2),(586,3),(587,1),(588,2),(589,3),(590,1),(591,2),(591,3),(592,4),(593,2),(594,2),(594,3),(595,2),(596,2),(597,4),(597,3),(598,3),(599,4),(600,3),(601,1),(602,3),(602,2),(603,3),(603,4),(604,2),(605,3),(605,4),(606,3),(607,4),(608,2),(609,3),(610,3),(611,2),(611,3),(612,2),(613,1),(614,2),(615,2),(616,2),(617,3),(618,2),(619,2),(620,3),(620,2),(621,3),(622,2),(622,3),(623,1),(624,1),(625,2),(626,3),(627,2),(628,2),(629,3),(630,2),(631,4),(632,4),(633,4),(634,2),(635,3),(636,2),(637,3),(638,2),(639,4),(640,2),(641,3),(641,2),(642,3),(643,4),(644,4),(645,1),(646,3),(647,3),(648,1),(649,2),(650,1),(651,4),(651,3),(652,3),(652,4),(653,2),(653,3),(654,2),(655,3),(656,3),(656,4),(657,4),(658,3),(659,3),(660,1),(661,3),(662,3),(663,2),(663,3),(664,3),(664,4),(665,4),(666,2),(667,1),(668,2),(669,2),(670,2),(671,3),(672,3),(673,3),(674,4),(699,1),(700,2),(701,2),(702,2),(703,2),(704,2),(705,4),(706,4),(707,3),(708,3),(709,1),(710,3),(711,3),(712,3),(713,4),(714,3),(715,3),(716,2),(717,1),(718,3),(718,2),(719,2),(720,3),(720,2),(721,2),(722,2),(723,1),(724,2),(724,3),(725,2),(726,2),(726,3),(727,2),(728,2),(729,3),(730,4),(731,4),(732,4),(732,3),(733,2),(734,3),(735,2),(736,3),(737,4),(738,4),(738,3),(739,3),(739,4),(740,2),(741,2),(742,3),(742,4),(743,2),(744,2),(745,2),(745,3),(746,3),(747,3),(747,4),(748,1),(749,2),(750,4),(750,3),(751,1),(752,3),(753,1),(754,2),(755,2),(756,4),(757,3),(758,2),(759,3),(760,3),(761,4),(761,3),(762,3),(762,2),(763,3),(764,1),(765,3),(765,2),(766,3),(766,2),(767,3),(768,4),(769,3),(769,2),(770,3),(771,2),(772,2),(773,2),(773,3),(774,3),(774,4),(775,1),(776,2),(777,2),(778,2),(778,3),(779,2),(780,4),(781,3),(782,4),(783,3),(784,3),(785,4),(786,3),(786,4),(787,4),(788,2),(789,4),(789,3),(790,2),(791,2),(792,3),(793,1),(794,2),(794,3),(795,3),(796,3),(797,3),(797,2),(798,3),(799,2);
/*!40000 ALTER TABLE `playerposition` ENABLE KEYS */;
UNLOCK TABLES;

--
-- Table structure for table `players`
--

DROP TABLE IF EXISTS `players`;
/*!40101 SET @saved_cs_client     = @@character_set_client */;
/*!40101 SET character_set_client = utf8 */;
CREATE TABLE `players` (
  `PlayerID` int(11) NOT NULL AUTO_INCREMENT,
  `FirstName` varchar(45) NOT NULL,
  `LastName` varchar(45) NOT NULL,
  `NationalityID` int(11) DEFAULT NULL,
  `BelongtoClubID` int(11) DEFAULT NULL,
  `SquadNumber` tinyint(4) DEFAULT NULL,
  PRIMARY KEY (`PlayerID`),
  UNIQUE KEY `PlayerID_UNIQUE` (`PlayerID`),
  KEY `Club_FK_idx` (`BelongtoClubID`),
  KEY `PlayerNationality_FK_idx` (`NationalityID`),
  CONSTRAINT `PlayerClub_FK` FOREIGN KEY (`BelongtoClubID`) REFERENCES `footballclub` (`Clubid`) ON DELETE NO ACTION ON UPDATE NO ACTION,
  CONSTRAINT `PlayerNationality_FK` FOREIGN KEY (`NationalityID`) REFERENCES `nationality` (`nationalityID`) ON DELETE NO ACTION ON UPDATE NO ACTION
) ENGINE=InnoDB AUTO_INCREMENT=807 DEFAULT CHARSET=utf8;
/*!40101 SET character_set_client = @saved_cs_client */;

--
-- Dumping data for table `players`
--

LOCK TABLES `players` WRITE;
/*!40000 ALTER TABLE `players` DISABLE KEYS */;
INSERT INTO `players` VALUES (227,'Mathieu','Debuchy',2,1,2),(228,'Per','Mertesacker',6,1,4),(229,'Laurent','Koscielny',2,1,6),(230,'Alexis','Sanchez',19,1,7),(231,'Aaron','Ramsey',10,1,8),(232,'Alexandre','Lacazette',2,1,9),(233,'Jack','Wilshere',1,1,10),(234,'Mesut','Ozil',6,1,11),(235,'Olivier','Giroud',2,1,12),(236,'David','Ospina',14,1,13),(237,'Theo','Walcott',1,1,14),(238,'Rob','Holding',1,1,16),(239,'Alex','Iwobi',16,1,17),(240,'Nacho','Monreal',7,1,18),(241,'Santi','Cazorla',7,1,19),(242,'Shkodran','Mustafi',6,1,20),(254,'Calum','Chambers',1,1,21),(255,'Jeff','Reine-Adelaide',2,1,22),(256,'Danny','Welbeck',1,1,23),(257,'Hector','Bellein',7,1,24),(258,'Granit','Xhaka',17,1,29),(259,'Ainsley','Maitland-Niles',1,1,30),(265,'Sead','Kolasinac',13,1,31),(266,'Chuba','Akpom',1,1,32),(267,'Petr','Cech',15,1,33),(268,'Francis','Coquelin',2,1,34),(269,'Mohamed','Elneny',18,1,35),(270,'Artur','Boruc',21,2,1),(271,'Simon','Francis',1,2,2),(272,'Steve','Cook',1,2,3),(273,'Dan','Gosling',1,2,4),(274,'Nathan','Ake',5,2,5),(275,'Andrew','Surman',1,2,6),(276,'Marc','Pugh',1,2,7),(277,'Harry','Arter',3,2,8),(278,'Benik','Afobe',22,2,9),(279,'Charlie','Daniels',1,2,11),(280,'Aaron','Ramsdale',1,2,12),(281,'Callum','Wilson',1,2,13),(282,'Brad','Smith',23,2,14),(283,'Adam','Smith',1,2,15),(284,'Lewis','Cook',1,2,16),(285,'Joshua','King',24,2,17),(286,'Jermain','Defoe',1,2,18),(287,'Junior','Stanislas',1,2,19),(288,'Emerson','Hyndman',25,2,22),(289,'Connor','Mahoney',1,2,23),(290,'Ryan','Fraser',11,2,24),(291,'Tyrone','Mings',1,2,26),(292,'Asmir','Begovic',13,2,27),(293,'Rhoys','Wiggins',10,2,29),(294,'Lys','Mousset',2,2,31),(295,'Adam','Federici',23,2,32),(296,'Jordon','Ibe',1,2,33),(297,'Mathew','Ryan',23,3,1),(298,'Bruno','Grau',7,3,2),(299,'Gaetan','Bong',26,3,3),(300,'Uwe','Hunemeier',6,3,4),(301,'Lewis','Dunk',1,3,5),(302,'Dale','Stephens',1,3,6),(303,'Beram','Kayal',27,3,7),(304,'Jiri','Skalak',15,3,8),(305,'Sam','Baldock',1,3,9),(306,'Tomer','Hemed',27,3,10),(307,'Anthony','Knockaert',2,3,11),(308,'Niki','Maenpaa',28,3,12),(309,'Pascal','Grob',6,3,13),(310,'Steve','Sidwell',1,3,14),(311,'Jamie','Murphy',11,3,15),(312,'Glenn','Murray',1,3,17),(313,'Connor','Goldson',1,3,18),(314,'Jose','Izquierdo',14,3,19),(315,'Solly','March',1,3,20),(316,'Ezequiel','Schelotto',4,3,21),(317,'Shane','Duffy',3,3,22),(318,'Liam','Rosenior',1,3,23),(319,'Davy','Propper',5,3,24),(320,'Tim','Krul',5,3,26),(321,'Markus','Suttner',29,3,29),(322,'Izzy','Brown',1,3,37),(323,'Tom','Heaton',1,4,1),(324,'Matthew','Lowton',1,4,2),(325,'Charlie','Taylor',1,4,3),(326,'Jack','Cork',1,4,4),(327,'James','Tarkowski',1,4,5),(328,'Ben','Mee',1,4,6),(329,'Dean','Marney',1,4,8),(330,'Sam','Vokes',10,4,9),(331,'Ashley','Barnes',29,4,10),(332,'Chris','Wood',30,4,11),(333,'Robbie','Brady',3,4,12),(334,'Jeff','Hendrick',3,4,13),(335,'Steven','Defour',31,4,16),(336,'Johann','Berg',32,4,17),(337,'Ashley','Westwood',1,4,18),(338,'Jonathan','Walters',3,4,19),(339,'Fredrik','Ulvestad',24,4,20),(340,'Nahki','Wells',33,4,21),(341,'Anders','Lindegaard',34,4,22),(342,'Stephen','Ward',3,4,23),(343,'Phil','Bardsley',11,4,26),(344,'Kevin','Long',3,4,28),(345,'Nick','Pope',1,4,29),(346,'Adam','Legzdins',1,4,30),(347,'Scott','Arfield',35,4,37),(348,'Willy','Caballero',9,5,1),(349,'Antonio','Rudiger',6,5,2),(350,'Marcos','Alonso',7,5,3),(351,'Cesc','Fabregas',7,5,4),(352,'Danny','Drinkwater',1,5,6),(353,'N\'Golo','Kante',2,5,7),(354,'alvaro','Morata',7,5,9),(355,'Eden','Hazard',31,5,10),(356,'Pedro','Ledesma',7,5,11),(357,'Thibaut','Courtois',31,5,13),(358,'Tiemoue','Bakayoko',2,5,14),(359,'Victor','Moses',16,5,15),(360,'Kenedy','Nascimento',36,5,16),(361,'Charly','Musonda',31,5,17),(362,'Davide','Zappacosta',4,5,21),(363,'Willian','daSilva',36,5,22),(364,'Michy','Batshuayi',31,5,23),(365,'Gary','Cahill',1,5,24),(366,'Andreas','Christensen',34,5,27),(367,'Cesar','Azpilicueta',7,5,28),(368,'David','Luiz',36,5,30),(369,'Jake','Clarke-Salter',1,5,35),(370,'Kyle','Scott',25,5,36),(371,'Ethan','Ampadu',10,5,44),(372,'Dujon','Sterling',1,5,66),(373,'Julian','Speroni',9,6,1),(374,'Joel','Ward',1,6,2),(375,'Patrick','van',5,6,3),(376,'Luka','Milivojevi',37,6,4),(377,'James','Tomkins',1,6,5),(378,'Scott','Dann',1,6,6),(379,'Yohan','Cabaye',2,6,7),(380,'Ruben','Loftus-Cheek',1,6,8),(381,'Andros','Townsend',1,6,10),(382,'Wilfried','Zaha',38,6,11),(383,'Mamadou','Sakho',2,6,12),(384,'Wayne','Hennessey',10,6,13),(385,'Lee','Chung-yong',39,6,14),(386,'Jeffrey','Schlupp',40,6,15),(387,'Christian','Benteke',31,6,17),(388,'James','McArthur',11,6,18),(389,'Freddie','Ladapo',1,6,19),(390,'Connor','Wickham',1,6,21),(391,'Jordon','Mutch',1,6,22),(392,'Pape','Souare',41,6,23),(393,'Timothy','Fosu-Mensah',5,6,24),(394,'Sullay','Kaikai',1,6,25),(395,'Bakary','Sako',42,6,26),(396,'Damien','Delaney',3,6,27),(397,'Jason','Lokilo',31,6,28),(398,'Dion','Henry',1,6,30),(399,'Levi','Lumeka',1,6,32),(400,'Martin','Kelly',1,6,34),(401,'Michael','Phillips',1,6,35),(402,'Jason','Puncheon',1,6,42),(403,'Jordan','Pickford',1,7,1),(404,'Morgan','Schneiderlin',2,7,2),(405,'Leighton','Baines',1,7,3),(406,'Michael','Keane',1,7,4),(407,'Ashley','Williams',10,7,5),(408,'Phil','Jagielka',1,7,6),(409,'Yannick','Bolasie',22,7,7),(410,'Ross','Barkley',1,7,8),(411,'Sandro','Ramirez',7,7,9),(412,'Wayne','Rooney',1,7,10),(413,'Kevin','Mirallas',31,7,11),(414,'Aaron','Lennon',1,7,12),(415,'Cuco','Martina',43,7,15),(416,'James','McCarthy',3,7,16),(417,'Idrissa','Gueye',41,7,17),(418,'Gylfi','Siguresson',32,7,18),(419,'Oumar','Niasse',41,7,19),(420,'Davy','Klaassen',5,7,20),(421,'Muhamed','Besic',13,7,21),(422,'Maarten','Stekelenburg',5,7,22),(423,'Seamus','Coleman',3,7,23),(424,'Ramiro','Funes',9,7,25),(425,'Tom','Davies',1,7,26),(426,'Nikola','Vlasic',12,7,27),(427,'Dominic','Calvert-Lewin',1,7,29),(428,'Mason','Holgate',1,7,30),(429,'Ademola','Lookman',1,7,31),(430,'Joel','Robles',7,7,33),(431,'Jonjoe','Kenny',1,7,43),(432,'Beni','Baningime',22,7,54),(433,'Jonas','Lossl',34,8,1),(434,'Tommy','Smith',1,8,2),(435,'Scott','Malone',1,8,3),(436,'Dean','Whitehead',1,8,4),(437,'Jonathan','Hogg',1,8,6),(438,'Philip','Billing',34,8,8),(439,'Elias','Kachunga',22,8,9),(440,'Aaron','Mooy',23,8,10),(441,'Abdelhamid','Sabiri',44,8,11),(442,'Joel','Coleman',1,8,13),(443,'Martin','Cranie',1,8,14),(444,'Chris','Lowe',6,8,15),(445,'Joe','Lolley',1,8,18),(446,'Danny','Williams',25,8,19),(447,'Laurent','Depoitre',31,8,20),(448,'Tom','Ince',1,8,22),(449,'Collin','Quaner',6,8,23),(450,'Steve','Mounie',45,8,24),(451,'Mathias','Jorgensen',34,8,25),(452,'Christopher','Schindler',6,8,26),(453,'Jon','Stankovic',46,8,27),(454,'Robert','Green',1,8,28),(455,'Florent','Hadergjonaj',17,8,33),(456,'Michael','Hefele',6,8,44),(457,'Kasey','Palmer',1,8,45),(458,'Kasper','Schmeichel',34,9,1),(459,'Danny','Simpson',1,9,2),(460,'Ben','Chilwell',1,9,3),(461,'Wes','Morgan',47,9,5),(462,'Robert','Huth',6,9,6),(463,'Demarai','Gray',1,9,7),(464,'Kelechi','Iheanacho',16,9,8),(465,'Jamie','Vardy',1,9,9),(466,'Andy','King',10,9,10),(467,'Marc','Albrighton',1,9,11),(468,'Ben','Hamer',1,9,12),(469,'Ahmed','Musa',16,9,13),(470,'Harry','Maguire',1,9,15),(471,'Aleksandar','Dragovic',29,9,16),(472,'Eldin','Jakupovic',17,9,17),(473,'Daniel','Amartey',40,9,18),(474,'Islam','Slimani',48,9,19),(475,'Shinji','Okazaki',49,9,20),(476,'Vicente','Iborra',7,9,21),(477,'Matty','James',1,9,22),(478,'Leonardo','Ulloa',9,9,23),(479,'Wilfred','Ndidi',16,9,25),(480,'Riyad','Mahrez',48,9,26),(481,'Christian','Fuchs',29,9,28),(482,'Yohan','Benalouane',50,9,29),(483,'Josh','Knight',1,9,34),(484,'Hamza','Choudhury',1,9,38),(485,'Loris','Karius',6,10,1),(486,'Nathaniel','Clyne',1,10,2),(487,'Georginio','Wijnaldum',5,10,5),(488,'Dejan','Lovren',12,10,6),(489,'James','Milner',1,10,7),(490,'Roberto','Firmino',36,10,9),(491,'Philippe','Coutinho',36,10,10),(492,'Mohamed','Salah',18,10,11),(493,'Joe','Gomez',1,10,12),(494,'Jordan','Henderson',1,10,14),(495,'Daniel','Sturridge',1,10,15),(496,'Marko','Grujic',37,10,16),(497,'Ragnar','Klavan',51,10,17),(498,'Alberto','Moreno',7,10,18),(499,'Sadio','Mane',41,10,19),(500,'Adam','Lallana',1,10,20),(501,'Alex','Oxlade-Chamberlain',1,10,21),(502,'Simon','Mignolet',31,10,22),(503,'Emre','Can',6,10,23),(504,'Andrew','Robertson',11,10,26),(505,'Danny','Ings',1,10,28),(506,'Dominic','Solanke',1,10,29),(507,'Joel','Matip',26,10,32),(508,'adam','Bogdan',52,10,34),(509,'Jon','Flanagan',1,10,38),(510,'Lazar','Markovic',37,10,50),(511,'Danny','Ward',10,10,52),(512,'Ovie','Ejaria',1,10,53),(513,'Ben','Woodburn',10,10,58),(514,'Harry','Wilson',10,10,59),(515,'Trent','Alexander-Arnold',1,10,66),(516,'Claudio','Bravo',19,11,1),(517,'Kyle','Walker',1,11,2),(518,'Danilo','daSilva',36,11,3),(519,'Vincent','Kompany',31,11,4),(520,'John','Stones',1,11,5),(521,'Raheem','Sterling',1,11,7),(522,'ilkay','Gundogan',6,11,8),(523,'Sergio','Aguero',9,11,10),(524,'Eliaquim','Mangala',2,11,15),(525,'Kevin','De',31,11,17),(526,'Fabian','Delph',1,11,18),(527,'Leroy','Sane',6,11,19),(528,'Bernardo','Silva',8,11,20),(529,'David','Silva',7,11,21),(530,'Benjamin','Mendy',2,11,22),(531,'Tosin','Adarabioyo',1,11,24),(532,'Fernandinho','Roza',36,11,25),(533,'Nicolas','Otamendi',9,11,30),(534,'Ederson','Moraes',36,11,31),(535,'Gabriel','Jesus',36,11,33),(536,'Oleksandr','Zinchenko',53,11,35),(537,'Yaya','Toure',38,11,42),(538,'Phil','Foden',1,11,47),(539,'Brahim','Diaz',7,11,55),(540,'David','deGea',7,12,1),(541,'Victor','Lindelof',54,12,2),(542,'Eric','Bailly',38,12,3),(543,'Phil','Jones',1,12,4),(544,'Marcos','Rojo',9,12,5),(545,'Paul','Pogba',2,12,6),(546,'Juan','Mata',7,12,8),(547,'Romelu','Lukaku',31,12,9),(548,'Zlatan','Ibrahimovic',54,12,10),(549,'Anthony','Martial',2,12,11),(550,'Chris','Smalling',1,12,12),(551,'Jesse','Lingard',1,12,14),(552,'Michael','Carrick',1,12,16),(553,'Daley','Blind',5,12,17),(554,'Ashley','Young',1,12,18),(555,'Marcus','Rashford',1,12,19),(556,'Sergio','Romero',9,12,20),(557,'Ander','Herrera',7,12,21),(558,'Henrikh','Mkhitaryan',55,12,22),(559,'Luke','Shaw',1,12,23),(560,'Antonio','Valencia',56,12,25),(561,'Marouane','Fellaini',31,12,27),(562,'Nemanja','Matic',37,12,31),(563,'Matteo','Darmian',4,12,36),(564,'Axel','Tuanzebe',1,12,38),(565,'Scott','McTominay',1,12,39),(566,'Joel','Castro',8,12,40),(567,'Rob','Elliot',3,13,1),(568,'Ciaran','Clark',3,13,2),(569,'Paul','Dummett',10,13,3),(570,'Jack','Colback',1,13,4),(571,'Jamaal','Lascelles',1,13,6),(572,'Jacob','Murphy',1,13,7),(573,'Jonjo','Shelvey',1,13,8),(574,'Dwight','Gayle',1,13,9),(575,'Mohamed','Diame',41,13,10),(576,'Matt','Ritchie',11,13,11),(577,'Isaac','Hayden',1,13,14),(578,'Rolando','Aarons',1,13,16),(579,'Ayoze','Perez',7,13,17),(580,'Chancel','Mbemba',22,13,18),(581,'Javier','Manquillo',7,13,19),(582,'Florian','Lejeune',2,13,20),(583,'DeAndre','Yedlin',25,13,22),(584,'Mikel','Merino',7,13,23),(585,'Henri','Saivet',41,13,24),(586,'Massadio','Haidara',2,13,25),(587,'Karl','Darlow',1,13,26),(588,'Jesus','Gamez',7,13,27),(589,'Christian','Atsu',40,13,30),(590,'Freddie','Woodman',1,13,41),(591,'Jamie','Sterry',1,13,42),(592,'Aleksandar','Mitrovic',37,13,45),(593,'Cedric','Soares',8,14,2),(594,'Maya','Yoshida',49,14,3),(595,'Jack','Stephens',1,14,5),(596,'Wesley','Hoedt',5,14,6),(597,'Shane','Long',3,14,7),(598,'Steven','Davis',54,14,8),(599,'Charlie','Austin',1,14,10),(600,'Dusan','Tadic',37,14,11),(601,'Alex','McCarthy',1,14,13),(602,'Oriol','Romeu',7,14,14),(603,'James','Ward-Prowse',1,14,16),(604,'Virgil','van',5,14,17),(605,'Mario','Lemina',55,14,18),(606,'Sofiane','Boufal',44,14,19),(607,'Manolo','Gabbiadini',4,14,20),(608,'Ryan','Bertrand',1,14,21),(609,'Nathan','Redmond',1,14,22),(610,'Pierre-Emile','Hojbjerg',34,14,23),(611,'Florin','Gardos',20,14,25),(612,'Jeremy','Pied',2,14,26),(613,'Stuart','Taylor',1,14,28),(614,'Will','Wood',1,14,30),(615,'Alfie','Jones',1,14,32),(616,'Matt','Targett',1,14,33),(617,'Jake','Flannigan',1,14,34),(618,'Jan','Bednarek',21,14,35),(619,'Sam','McQueen',1,14,38),(620,'Josh','Sims',1,14,39),(621,'Jake','Hesketh',1,14,42),(622,'Yan','Valery',2,14,43),(623,'Fraser','Forster',1,14,44),(624,'Jack','Butland',1,15,1),(625,'Erik','Pieters',5,15,3),(626,'Joe','Allen',10,15,4),(627,'Kevin','Wimmer',29,15,5),(628,'Kurt','Zouma',2,15,6),(629,'Stephen','Ireland',3,15,7),(630,'Glen','Johnson',1,15,8),(631,'Saido','Berahino',1,15,9),(632,'Eric','Maxim',26,15,10),(633,'Jese','Rodriguez',7,15,11),(634,'Josh','Tymon',1,15,12),(635,'Ibrahim','Afellay',5,15,14),(636,'Bruno','Martins',5,15,15),(637,'Charlie','Adam',11,15,16),(638,'Ryan','Shawcross',1,15,17),(639,'Mame','Diouf',41,15,18),(640,'Geoff','Cameron',25,15,20),(641,'Xherdan','Shaqiri',17,15,22),(642,'Darren','Fletcher',11,15,24),(643,'Peter','Crouch',1,15,25),(644,'Julien','Ngoy',31,15,28),(645,'Jakob','Haugaard',34,15,29),(646,'Thibaud','Verlinden',31,15,31),(647,'Ramadan','Sobhi',18,15,32),(648,'Lee','Grant',1,15,33),(649,'Tom','Edwards',1,15,42),(650,'Lukasz','Fabianski',21,16,1),(651,'Wilfried','Bony',38,16,2),(652,'Ki','Sung-yueng',39,16,4),(653,'Mike','van',5,16,5),(654,'Alfie','Mawson',1,16,6),(655,'Leon','Britton',1,16,7),(656,'Leroy','Fer',5,16,8),(657,'Tammy','Abraham',1,16,10),(658,'Luciano','Narsingh',5,16,11),(659,'Nathan','Dyer',1,16,12),(660,'Kristoffer','Nordfeldt',54,16,13),(661,'Tom','Carroll',1,16,14),(662,'Wayne','Routledge',1,16,15),(663,'Martin','Olsson',54,16,16),(664,'Sam','Clucas',1,16,17),(665,'Jordan','Ayew',40,16,18),(666,'angel','Rangel',7,16,22),(667,'Erwin','Mulder',5,16,25),(668,'Kyle','Naughton',1,16,26),(669,'Kyle','Bartley',1,16,27),(670,'Federico','Fernandez',9,16,33),(671,'Renato','Sanches',8,16,35),(672,'Roque','Mesa',7,16,51),(673,'Jay','Fulton',11,16,56),(674,'Oliver','McBurnie',11,16,62),(699,'Hugo','Lloris',2,17,1),(700,'Kieran','Trippier',1,17,2),(701,'Danny','Rose',1,17,3),(702,'Toby','Alderweireld',31,17,4),(703,'Jan','Vertonghen',31,17,5),(704,'Davinson','Sanchez',14,17,6),(705,'Son','Heung-min',39,17,7),(706,'Harry','Kane',1,17,10),(707,'erik','Lamela',9,17,11),(708,'Victor','Wanyama',59,17,12),(709,'Michel','Vorm',5,17,13),(710,'Georges-Kevin','N\'Koudou',2,17,14),(711,'Eric','Dier',1,17,15),(712,'Moussa','Sissoko',2,17,17),(713,'Fernando','Llorente',7,17,18),(714,'Mousa','Dembele',31,17,19),(715,'Dele','Alli',1,17,20),(716,'Juan','Foyth',9,17,21),(717,'Paulo','Gazzaniga',9,17,22),(718,'Christian','Eriksen',34,17,23),(719,'Serge','Aurier',38,17,24),(720,'Harry','Winks',1,17,29),(721,'Ben','Davies',10,17,33),(722,'Kyle','Walker-Peters',1,17,37),(723,'Heurelho','Gomes',36,18,1),(724,'Daryl','Janmaat',5,18,2),(725,'Miguel','Britos',60,18,3),(726,'Younes','Kaboul',2,18,4),(727,'Sebastian','Pradl',29,18,5),(728,'Adrian','Mariappa',47,18,6),(729,'Tom','Cleverley',1,18,8),(730,'Troy','Deeney',1,18,9),(731,'Isaac','Success',16,18,10),(732,'Richarlison','Andrade',36,18,11),(733,'Molla','Wague',42,18,13),(734,'Nathaniel','Chalobah',1,18,14),(735,'Craig','Cathcart',57,18,15),(736,'Abdoulaye','Doucoure',2,18,16),(737,'Jerome','Sinclair',1,18,17),(738,'Andre','Gray',1,18,18),(739,'Will','Hughes',1,18,19),(740,'Kiko','Femenia',7,18,21),(741,'Marvin','Zeegelaar',5,18,22),(742,'Ben','Watson',1,18,23),(743,'Jose','Holebas',61,18,25),(744,'Brice','DjaDjedje',38,18,26),(745,'Christian','Kabasele',31,18,27),(746,'Andre','Carrillo',62,18,28),(747,'etienne','Capoue',2,18,29),(748,'Orestis','Karnezis',61,18,30),(749,'Tommie','Hoban',3,18,31),(750,'Stefano','Okaka',4,18,33),(751,'Daniel','Bachmann',29,18,35),(752,'Roberto','Pereyra',9,18,37),(753,'Ben','Foster',1,19,1),(754,'Allan','Nyom',26,19,2),(755,'Kieran','Gibbs',1,19,3),(756,'Hal','Robson-Kanu',10,19,4),(757,'Claudio','Yacob',9,19,5),(758,'Jonny','Evans',57,19,6),(759,'James','Morrison',11,19,7),(760,'Jake','Livermore',1,19,8),(761,'Salomon','Rondon',63,19,9),(762,'Matt','Phillips',11,19,10),(763,'Chris','Brunt',57,19,11),(764,'Boaz','Myhill',10,19,13),(765,'James','McClean',3,19,14),(766,'Oliver','Burke',11,19,17),(767,'Gareth','Barry',1,19,18),(768,'Jay','Rodriguez',1,19,19),(769,'Grzegorz','Krychowiak',21,19,20),(770,'Nacer','Chadli',31,19,22),(771,'Gareth','McAuley',57,19,23),(772,'Craig','Dawson',1,19,25),(773,'Ahmed','Hegazi',18,19,26),(774,'Sam','Field',1,19,28),(775,'Alex','Palmer',1,19,40),(776,'Winston','Reid',30,20,2),(777,'Aaron','Cresswell',1,20,3),(778,'Jose','Fonte',8,20,4),(779,'Pablo','Zabaleta',9,20,5),(780,'Marko','Arnautovi?',29,20,7),(781,'Cheikhou','Kouyate',41,20,8),(782,'Andy','Carroll',1,20,9),(783,'Manuel','Lanzini',9,20,10),(784,'Pedro','Obiang',7,20,14),(785,'Diafra','Sakho',41,20,15),(786,'Mark','Noble',1,20,16),(787,'Javier','Hernandez',63,20,17),(788,'James','Collins',10,20,19),(789,'Andre','Ayew',40,20,20),(790,'Angelo','Ogbonna',4,20,21),(791,'Sam','Byram',1,20,22),(792,'Sead','Hak?abanovi?',64,20,23),(793,'Joe','Hart',1,20,25),(794,'Arthur','Masuaku',2,20,26),(795,'Michail','Antonio',1,20,30),(796,'Edimilson','Fernandes',17,20,31),(797,'Domingos','Quina',8,20,36),(798,'Nathan','Holland',1,20,37),(799,'Declan','Rice',3,20,41),(800,'Jin','Lin',66,NULL,NULL),(801,'Thierry','Henry',2,1,NULL),(802,'Jose','Reyes',7,1,NULL),(803,'David','Beckham',1,NULL,NULL),(804,'Christiano','Ronaldo',8,NULL,NULL),(805,'Ronaldo','Lima',36,NULL,NULL),(806,'Jihai','Sun',66,NULL,NULL);
/*!40000 ALTER TABLE `players` ENABLE KEYS */;
UNLOCK TABLES;

--
-- Table structure for table `positions`
--

DROP TABLE IF EXISTS `positions`;
/*!40101 SET @saved_cs_client     = @@character_set_client */;
/*!40101 SET character_set_client = utf8 */;
CREATE TABLE `positions` (
  `positionID` int(11) NOT NULL AUTO_INCREMENT,
  `position` varchar(45) NOT NULL,
  PRIMARY KEY (`positionID`)
) ENGINE=InnoDB AUTO_INCREMENT=5 DEFAULT CHARSET=utf8;
/*!40101 SET character_set_client = @saved_cs_client */;

--
-- Dumping data for table `positions`
--

LOCK TABLES `positions` WRITE;
/*!40000 ALTER TABLE `positions` DISABLE KEYS */;
INSERT INTO `positions` VALUES (1,'GK'),(2,'DF'),(3,'MF'),(4,'FW');
/*!40000 ALTER TABLE `positions` ENABLE KEYS */;
UNLOCK TABLES;

--
-- Table structure for table `premierleaguestandings`
--

DROP TABLE IF EXISTS `premierleaguestandings`;
/*!40101 SET @saved_cs_client     = @@character_set_client */;
/*!40101 SET character_set_client = utf8 */;
CREATE TABLE `premierleaguestandings` (
  `ClubID` int(11) NOT NULL,
  `MatchPlays` int(10) unsigned NOT NULL DEFAULT '0',
  `Wins` int(10) unsigned NOT NULL DEFAULT '0',
  `Draws` int(10) unsigned NOT NULL DEFAULT '0',
  `Loses` int(10) unsigned NOT NULL DEFAULT '0',
  `GoalFor` int(10) unsigned NOT NULL DEFAULT '0',
  `GoalAgainst` int(10) unsigned NOT NULL DEFAULT '0',
  `GoalDifference` int(11) NOT NULL DEFAULT '0',
  `Points` int(10) unsigned NOT NULL DEFAULT '0',
  PRIMARY KEY (`ClubID`),
  CONSTRAINT `StandingsClubID_FK` FOREIGN KEY (`ClubID`) REFERENCES `footballclub` (`Clubid`) ON DELETE NO ACTION ON UPDATE NO ACTION
) ENGINE=InnoDB DEFAULT CHARSET=utf8;
/*!40101 SET character_set_client = @saved_cs_client */;

--
-- Dumping data for table `premierleaguestandings`
--

LOCK TABLES `premierleaguestandings` WRITE;
/*!40000 ALTER TABLE `premierleaguestandings` DISABLE KEYS */;
INSERT INTO `premierleaguestandings` VALUES (1,15,9,1,5,29,19,10,28),(2,16,4,4,8,15,19,-4,16),(3,16,4,5,7,14,21,-7,17),(4,16,8,4,4,15,12,3,28),(5,16,10,2,4,28,13,15,32),(6,16,2,5,9,10,27,-17,11),(7,15,5,3,7,19,28,-9,18),(8,16,5,3,8,11,26,-15,18),(9,16,6,5,5,23,22,1,23),(10,15,8,5,2,33,19,14,29),(11,15,14,1,0,46,10,36,43),(12,15,11,2,2,35,9,26,35),(13,16,4,3,9,16,25,-9,15),(14,15,4,5,6,15,18,-3,17),(15,16,4,4,8,19,35,-16,16),(16,16,3,3,10,9,18,-9,12),(17,16,8,4,4,28,14,14,28),(18,16,6,4,6,25,27,-2,22),(19,16,2,7,7,12,22,-10,13),(20,16,3,4,9,14,32,-18,13);
/*!40000 ALTER TABLE `premierleaguestandings` ENABLE KEYS */;
UNLOCK TABLES;

--
-- Table structure for table `referee`
--

DROP TABLE IF EXISTS `referee`;
/*!40101 SET @saved_cs_client     = @@character_set_client */;
/*!40101 SET character_set_client = utf8 */;
CREATE TABLE `referee` (
  `RefereeID` int(11) NOT NULL AUTO_INCREMENT,
  `FirstName` varchar(45) NOT NULL,
  `LastName` varchar(45) NOT NULL,
  PRIMARY KEY (`RefereeID`),
  UNIQUE KEY `RefereeID_UNIQUE` (`RefereeID`)
) ENGINE=InnoDB AUTO_INCREMENT=19 DEFAULT CHARSET=utf8;
/*!40101 SET character_set_client = @saved_cs_client */;

--
-- Dumping data for table `referee`
--

LOCK TABLES `referee` WRITE;
/*!40000 ALTER TABLE `referee` DISABLE KEYS */;
INSERT INTO `referee` VALUES (1,'Michael','Oliver'),(2,'Craig','Pawson'),(3,'Mike','Dean'),(4,'Andre','Marriner'),(5,'Jonathan','Moss'),(6,'Martin','Atkinson'),(7,'Neil','Swarbrick'),(8,'Anthony','Taylor'),(9,'Kevin','Friend'),(10,'Lee','Mason'),(11,'Graham','Scott'),(12,'Robert','Madley'),(13,'Roger','East'),(14,'Mike','Jones'),(15,'Lee','Probert'),(16,'Stuart','Attwell'),(17,'Paul','Tierney'),(18,'Chris','Kavanagh');
/*!40000 ALTER TABLE `referee` ENABLE KEYS */;
UNLOCK TABLES;

--
-- Table structure for table `stadium`
--

DROP TABLE IF EXISTS `stadium`;
/*!40101 SET @saved_cs_client     = @@character_set_client */;
/*!40101 SET character_set_client = utf8 */;
CREATE TABLE `stadium` (
  `StadiumID` int(11) NOT NULL AUTO_INCREMENT,
  `StadiumName` varchar(45) NOT NULL,
  `Capacity` int(10) unsigned NOT NULL,
  `LocationCity` varchar(45) NOT NULL,
  `ClubID` int(11) DEFAULT NULL,
  PRIMARY KEY (`StadiumID`),
  UNIQUE KEY `StadiumID_UNIQUE` (`StadiumID`),
  KEY `ClubID_FK_idx` (`ClubID`),
  CONSTRAINT `StadiumClubID_FK` FOREIGN KEY (`ClubID`) REFERENCES `footballclub` (`Clubid`) ON DELETE NO ACTION ON UPDATE NO ACTION
) ENGINE=InnoDB AUTO_INCREMENT=21 DEFAULT CHARSET=utf8;
/*!40101 SET character_set_client = @saved_cs_client */;

--
-- Dumping data for table `stadium`
--

LOCK TABLES `stadium` WRITE;
/*!40000 ALTER TABLE `stadium` DISABLE KEYS */;
INSERT INTO `stadium` VALUES (1,'Emirates Stadium',60432,'London',1),(2,'Vitality Stadium',11360,'Bournemouth',2),(3,'American Express Community Stadium',30750,'Falmer',3),(4,'Turf Moor',22546,'Burnley',4),(5,'Stamford Bridge',41631,'London',5),(6,'Selhurst Park',26309,'London',6),(7,'Goodison Park',39571,'Liverpool',7),(8,'John Smith\'s Stadium',24500,'Huddersfield',8),(9,'King Power Stadium',32500,'Leicester',9),(10,'Anfield',54074,'Liverpool',10),(11,'Etihad Stadium',55097,'Manchester',11),(12,'Old Trafford',75643,'Manchester',12),(13,'St James\' Park',52405,'Newcastle upon Tyne',13),(14,'St Mary\'s Stadium',32689,'Southampton',14),(15,'bet365 Stadium',27740,'Stoke-on-Trent',15),(16,'Liberty Stadium',20937,'Swansea',16),(17,'Wembley Stadium',90000,'London',17),(18,'Vicarage Road',21977,'Watford',18),(19,'The Hawthorns',26445,'West Bromwich',19),(20,'London Stadium',60000,'London',20);
/*!40000 ALTER TABLE `stadium` ENABLE KEYS */;
UNLOCK TABLES;

--
-- Temporary table structure for view `standingview`
--

DROP TABLE IF EXISTS `standingview`;
/*!50001 DROP VIEW IF EXISTS `standingview`*/;
SET @saved_cs_client     = @@character_set_client;
SET character_set_client = utf8;
/*!50001 CREATE VIEW `standingview` AS SELECT 
 1 AS `Club`,
 1 AS `MatchPlays`,
 1 AS `Wins`,
 1 AS `Draws`,
 1 AS `Loses`,
 1 AS `GoalFor`,
 1 AS `GoalAgainst`,
 1 AS `GoalDifference`,
 1 AS `Points`*/;
SET character_set_client = @saved_cs_client;

--
-- Temporary table structure for view `top10scorers`
--

DROP TABLE IF EXISTS `top10scorers`;
/*!50001 DROP VIEW IF EXISTS `top10scorers`*/;
SET @saved_cs_client     = @@character_set_client;
SET character_set_client = utf8;
/*!50001 CREATE VIEW `top10scorers` AS SELECT 
 1 AS `Name`,
 1 AS `Goals`,
 1 AS `fromClub`*/;
SET character_set_client = @saved_cs_client;

--
-- Final view structure for view `standingview`
--

/*!50001 DROP VIEW IF EXISTS `standingview`*/;
/*!50001 SET @saved_cs_client          = @@character_set_client */;
/*!50001 SET @saved_cs_results         = @@character_set_results */;
/*!50001 SET @saved_col_connection     = @@collation_connection */;
/*!50001 SET character_set_client      = utf8 */;
/*!50001 SET character_set_results     = utf8 */;
/*!50001 SET collation_connection      = utf8_general_ci */;
/*!50001 CREATE ALGORITHM=UNDEFINED */
/*!50013 DEFINER=`root`@`localhost` SQL SECURITY DEFINER */
/*!50001 VIEW `standingview` AS select `footballclub`.`ClubName` AS `Club`,`premierleaguestandings`.`MatchPlays` AS `MatchPlays`,`premierleaguestandings`.`Wins` AS `Wins`,`premierleaguestandings`.`Draws` AS `Draws`,`premierleaguestandings`.`Loses` AS `Loses`,`premierleaguestandings`.`GoalFor` AS `GoalFor`,`premierleaguestandings`.`GoalAgainst` AS `GoalAgainst`,`premierleaguestandings`.`GoalDifference` AS `GoalDifference`,`premierleaguestandings`.`Points` AS `Points` from (`premierleaguestandings` join `footballclub` on((`footballclub`.`Clubid` = `premierleaguestandings`.`ClubID`))) order by `premierleaguestandings`.`Points` desc,`premierleaguestandings`.`GoalDifference` desc,`premierleaguestandings`.`GoalFor` desc,`premierleaguestandings`.`Wins` desc,`premierleaguestandings`.`ClubID` */;
/*!50001 SET character_set_client      = @saved_cs_client */;
/*!50001 SET character_set_results     = @saved_cs_results */;
/*!50001 SET collation_connection      = @saved_col_connection */;

--
-- Final view structure for view `top10scorers`
--

/*!50001 DROP VIEW IF EXISTS `top10scorers`*/;
/*!50001 SET @saved_cs_client          = @@character_set_client */;
/*!50001 SET @saved_cs_results         = @@character_set_results */;
/*!50001 SET @saved_col_connection     = @@collation_connection */;
/*!50001 SET character_set_client      = utf8 */;
/*!50001 SET character_set_results     = utf8 */;
/*!50001 SET collation_connection      = utf8_general_ci */;
/*!50001 CREATE ALGORITHM=UNDEFINED */
/*!50013 DEFINER=`root`@`localhost` SQL SECURITY DEFINER */
/*!50001 VIEW `top10scorers` AS select concat(`p`.`FirstName`,' ',`p`.`LastName`) AS `Name`,count('goal') AS `Goals`,`c`.`ClubName` AS `fromClub` from ((`matchevents` `m` join `players` `p` on((`p`.`PlayerID` = `m`.`PlayerID`))) join `footballclub` `c` on((`p`.`BelongtoClubID` = `c`.`Clubid`))) group by `Name` order by `Goals` desc limit 10 */;
/*!50001 SET character_set_client      = @saved_cs_client */;
/*!50001 SET character_set_results     = @saved_cs_results */;
/*!50001 SET collation_connection      = @saved_col_connection */;
/*!40103 SET TIME_ZONE=@OLD_TIME_ZONE */;

/*!40101 SET SQL_MODE=@OLD_SQL_MODE */;
/*!40014 SET FOREIGN_KEY_CHECKS=@OLD_FOREIGN_KEY_CHECKS */;
/*!40014 SET UNIQUE_CHECKS=@OLD_UNIQUE_CHECKS */;
/*!40101 SET CHARACTER_SET_CLIENT=@OLD_CHARACTER_SET_CLIENT */;
/*!40101 SET CHARACTER_SET_RESULTS=@OLD_CHARACTER_SET_RESULTS */;
/*!40101 SET COLLATION_CONNECTION=@OLD_COLLATION_CONNECTION */;
/*!40111 SET SQL_NOTES=@OLD_SQL_NOTES */;

-- Dump completed on 2017-12-10  6:01:32
